Dataset_compiled,WormBaseVersion_checked,Categories,Gene Set name,number_genes,Refs,Data From,Selection_criteria,decided_by,Rawdata,Additional,Comment
yes,n.a.,Chemicals/stress,Up by Indole in N2 in young animals (day 2),0,https://pubmed.ncbi.nlm.nih.gov/28827345/,GEO supplementary,padj < 0.05 and foldchange >= 2,JN,GSE101910,,
yes,n.a.,Chemicals/stress,Down by Indole in N2 in young animals (day 2),0,https://pubmed.ncbi.nlm.nih.gov/28827345/,GEO supplementary,padj < 0.01 and foldchange <= -2,JN,GSE101910,,
yes,n.a.,Chemicals/stress,Up by Indole in N2 in adult animals (day 12),7,https://pubmed.ncbi.nlm.nih.gov/28827345/,GEO supplementary,padj < 0.05 and foldchange >= 2,JN,GSE101910,,
yes,n.a.,Chemicals/stress,Down by Indole in N2 in adult animals (day 12),1,https://pubmed.ncbi.nlm.nih.gov/28827345/,GEO supplementary,padj < 0.01 and foldchange <= -2,JN,GSE101910,,
yes,WS190,Microbes,Up in N2 by Orsay Virus infection,43,https://journals.asm.org/doi/full/10.1128/mBio.00924-17,Data Set 2,padj < 0.01 and foldchange >= 2,JN,GSE95229,,
yes,WS190,Microbes,Down in N2 by Orsay Virus infection,2,https://journals.asm.org/doi/full/10.1128/mBio.00924-17,Data Set 2,padj < 0.01 and foldchange <= -2,JN,GSE95229,,
yes,WS190,Microbes,Up in sta-1 mutants by Orsay Virus infection,37,https://journals.asm.org/doi/full/10.1128/mBio.00924-17,Data Set 2,padj < 0.01 and foldchange >= 2,JN,GSE95229,,
yes,WS190,Microbes,Down in sta-1 mutants by Orsay Virus infection,9,https://journals.asm.org/doi/full/10.1128/mBio.00924-17,Data Set 2,padj < 0.01 and foldchange <= -2,JN,GSE95229,,
yes,WS190,Microbes,Up in sid-3 mutants by Orsay Virus infection,21,https://journals.asm.org/doi/full/10.1128/mBio.00924-17,Data Set 2,padj < 0.01 and foldchange >= 2,JN,GSE95229,,
yes,WS190,Microbes,Down in sid-3 mutants by Orsay Virus infection,10,https://journals.asm.org/doi/full/10.1128/mBio.00924-17,Data Set 2,padj < 0.01 and foldchange <= -2,JN,GSE95229,,
yes,WS190,Mutants,Up in N2 by Orsay Virus infection,43,https://journals.asm.org/doi/full/10.1128/mBio.00924-17,Data Set 2,padj < 0.01 and foldchange >= 2,JN,GSE95229,,
yes,WS190,Mutants,Down in N2 by Orsay Virus infection,2,https://journals.asm.org/doi/full/10.1128/mBio.00924-17,Data Set 2,padj < 0.01 and foldchange <= -2,JN,GSE95229,,
yes,WS190,Mutants,Up in sta-1 mutants by Orsay Virus infection,37,https://journals.asm.org/doi/full/10.1128/mBio.00924-17,Data Set 2,padj < 0.01 and foldchange >= 2,JN,GSE95229,,
yes,WS190,Mutants,Down in sta-1 mutants by Orsay Virus infection,9,https://journals.asm.org/doi/full/10.1128/mBio.00924-17,Data Set 2,padj < 0.01 and foldchange <= -2,JN,GSE95229,,
yes,WS190,Mutants,Up in sid-3 mutants by Orsay Virus infection,21,https://journals.asm.org/doi/full/10.1128/mBio.00924-17,Data Set 2,padj < 0.01 and foldchange >= 2,JN,GSE95229,,
yes,WS190,Mutants,Down in sid-3 mutants by Orsay Virus infection,10,https://journals.asm.org/doi/full/10.1128/mBio.00924-17,Data Set 2,padj < 0.01 and foldchange <= -2,JN,GSE95229,,
yes,WBcel235 ,Mutants,Up by stress response pathways in isp-1 mutants,39,https://pubmed.ncbi.nlm.nih.gov/28392283/,Supplementary data 2,meta-analysis; q < 0.05,authors,GSE95240,,
yes,WBcel235 ,Mutants,Down by stress response pathways in isp-1 mutants,3,https://pubmed.ncbi.nlm.nih.gov/28392283/,Supplementary data 2,meta-analysis; q < 0.05,authors,GSE95240,,
yes,WBcel235 ,Chemicals/stress,Up by stress response pathways in isp-1 mutants,39,https://pubmed.ncbi.nlm.nih.gov/28392283/,Supplementary data 2,meta-analysis; q < 0.05,authors,GSE95240,,
yes,WBcel235 ,Chemicals/stress,Down by stress response pathways in isp-1 mutants,3,https://pubmed.ncbi.nlm.nih.gov/28392283/,Supplementary data 2,meta-analysis; q < 0.05,authors,GSE95240,,
yes,n.a.,Chemicals/stress,Up by 0.02 mg/mL fraction H3,66,https://pubmed.ncbi.nlm.nih.gov/28926584/,S2 Table,p < 0.05; foldchange >= 2,authors,GSE101680,,
yes,n.a.,Chemicals/stress,Down by 0.02 mg/mL fraction H3,72,https://pubmed.ncbi.nlm.nih.gov/28926584/,S2 Table,p < 0.05; foldchange <= -2,authors,GSE101680,,
yes,n.a.,Chemicals/stress,Up by 0.2 mg/mL fraction H3,66,https://pubmed.ncbi.nlm.nih.gov/28926584/,S2 Table,p < 0.05; foldchange >= 2,authors,GSE101680,,
yes,n.a.,Chemicals/stress,Down by 0.2 mg/mL fraction H3,72,https://pubmed.ncbi.nlm.nih.gov/28926584/,S2 Table,p < 0.05; foldchange <= -2,authors,GSE101680,,
yes,n.a.,Chemicals/stress,Up by 2 mg/mL fraction H3,66,https://pubmed.ncbi.nlm.nih.gov/28926584/,S2 Table,p < 0.05; foldchange >= 2,authors,GSE101680,,
yes,n.a.,Chemicals/stress,Down by 2 mg/mL fraction H3,72,https://pubmed.ncbi.nlm.nih.gov/28926584/,S2 Table,p < 0.05; foldchange <= -2,authors,GSE101680,,
yes,n.a.,Chemicals/stress,Up by 0.2 mg/mL crude extract,66,https://pubmed.ncbi.nlm.nih.gov/28926584/,S2 Table,p < 0.05; foldchange >= 2,authors,GSE101680,,
yes,n.a.,Chemicals/stress,Down by 0.2 mg/mL crude extract,72,https://pubmed.ncbi.nlm.nih.gov/28926584/,S2 Table,p < 0.05; foldchange <= -2,authors,GSE101680,,
yes,n.a.,Chemicals/stress,Up in N2 in S-basal vs. N2 in trehalose,36,https://pubmed.ncbi.nlm.nih.gov/29063832/,Figure 7 - source data 2,FDR<0.05; foldchange >= 2,JN,GSE98544,,
yes,n.a.,Chemicals/stress,Down in N2 in S-basal vs. N2 in trehalose,2,https://pubmed.ncbi.nlm.nih.gov/29063832/,Figure 7 - source data 2,FDR<0.05; foldchange <= -2,JN,GSE98544,,
yes,n.a.,Chemicals/stress,Up in tps1/2 in S-basal vs. tps1/2 in trehalose,6,https://pubmed.ncbi.nlm.nih.gov/29063832/,Figure 7 - source data 2,FDR<0.05; foldchange >= 2,JN,GSE98544,,
yes,n.a.,Chemicals/stress,Down in tps1/2 in S-basal vs. tps1/2 in trehalose,2,https://pubmed.ncbi.nlm.nih.gov/29063832/,Figure 7 - source data 2,FDR<0.05; foldchange <= -2,JN,GSE98544,,
yes,n.a.,Chemicals/stress,Up in N2 in S-basal vs. tps1/2 in S-basal ,29,https://pubmed.ncbi.nlm.nih.gov/29063832/,Figure 7 - source data 2,FDR<0.05; foldchange >= 2,JN,GSE98544,,
yes,n.a.,Chemicals/stress,Down in N2 in S-basal vs. tps1/2 in S-basal ,5,https://pubmed.ncbi.nlm.nih.gov/29063832/,Figure 7 - source data 2,FDR<0.05; foldchange <= -2,JN,GSE98544,,
yes,n.a.,Chemicals/stress,Up in N2 in trehalose vs. tps1/2 in trehalose,15,https://pubmed.ncbi.nlm.nih.gov/29063832/,Figure 7 - source data 2,FDR<0.05; foldchange >= 2,JN,GSE98544,,
yes,n.a.,Chemicals/stress,Down in N2 in trehalose vs. tps1/2 in trehalose,4,https://pubmed.ncbi.nlm.nih.gov/29063832/,Figure 7 - source data 2,FDR<0.05; foldchange <= -2,JN,GSE98544,,
yes,n.a.,Mutants,Up in N2 in S-basal vs. N2 in trehalose,36,https://pubmed.ncbi.nlm.nih.gov/29063832/,Figure 7 - source data 2,FDR<0.05; foldchange >= 2,JN,GSE98544,,
yes,n.a.,Mutants,Down in N2 in S-basal vs. N2 in trehalose,2,https://pubmed.ncbi.nlm.nih.gov/29063832/,Figure 7 - source data 2,FDR<0.05; foldchange <= -2,JN,GSE98544,,
yes,n.a.,Mutants,Up in tps1/2 in S-basal vs. tps1/2 in trehalose,6,https://pubmed.ncbi.nlm.nih.gov/29063832/,Figure 7 - source data 2,FDR<0.05; foldchange >= 2,JN,GSE98544,,
yes,n.a.,Mutants,Down in tps1/2 in S-basal vs. tps1/2 in trehalose,2,https://pubmed.ncbi.nlm.nih.gov/29063832/,Figure 7 - source data 2,FDR<0.05; foldchange <= -2,JN,GSE98544,,
yes,n.a.,Mutants,Up in N2 in S-basal vs. tps1/2 in S-basal ,29,https://pubmed.ncbi.nlm.nih.gov/29063832/,Figure 7 - source data 2,FDR<0.05; foldchange >= 2,JN,GSE98544,,
yes,n.a.,Mutants,Down in N2 in S-basal vs. tps1/2 in S-basal ,5,https://pubmed.ncbi.nlm.nih.gov/29063832/,Figure 7 - source data 2,FDR<0.05; foldchange <= -2,JN,GSE98544,,
yes,n.a.,Mutants,Up in N2 in trehalose vs. tps1/2 in trehalose,15,https://pubmed.ncbi.nlm.nih.gov/29063832/,Figure 7 - source data 2,FDR<0.05; foldchange >= 2,JN,GSE98544,,
yes,n.a.,Mutants,Down in N2 in trehalose vs. tps1/2 in trehalose,4,https://pubmed.ncbi.nlm.nih.gov/29063832/,Figure 7 - source data 2,FDR<0.05; foldchange <= -2,JN,GSE98544,,
yes,WS220,Development/Dauer/Aging,Up in poly(A),438,https://pubmed.ncbi.nlm.nih.gov/28787592/,Table S2,foldchange >= 2,JN,GSE94455,,
yes,WS220,Development/Dauer/Aging,Down in poly(A),164,https://pubmed.ncbi.nlm.nih.gov/28787592/,Table S2,foldchange <= -2,JN,GSE94455,,
yes,WBcel235 ,Chemicals/stress,Up in worms fed with E. Coli at 25°C,183,https://pubmed.ncbi.nlm.nih.gov/29515753/,Supplementary Table 1,FDR<0.05; foldchange unknown,authors,GSE101524,,
yes,WBcel235 ,Chemicals/stress,Down in worms fed with E. Colit at 25°C,630,https://pubmed.ncbi.nlm.nih.gov/29515753/,Supplementary Table 7,FDR<0.05; foldchange unknown,authors,GSE101524,,
yes,WBcel235 ,Chemicals/stress,Up in worms fed with B. Subtilis at 25°C,147,https://pubmed.ncbi.nlm.nih.gov/29515753/,Supplementary Table 3,FDR<0.05; foldchange unknown,authors,GSE101524,,
yes,WBcel235 ,Chemicals/stress,Down in worms fed with B. Subtilis at 25°C,630,https://pubmed.ncbi.nlm.nih.gov/29515753/,Supplementary Table 9,FDR<0.05; foldchange unknown,authors,GSE101524,,
yes,WBcel235 ,Chemicals/stress,Up in worms fed with B. Subtilis at 15°C,8,https://pubmed.ncbi.nlm.nih.gov/29515753/,Supplementary Table 8,FDR<0.05; foldchange unknown,authors,GSE101524,,
yes,WBcel235 ,Chemicals/stress,Down in worms fed with B. Subtilis at 15°C,758,https://pubmed.ncbi.nlm.nih.gov/29515753/,Supplementary Table 4,FDR<0.05; foldchange unknown,authors,GSE101524,,
yes,WBcel235 ,Chemicals/stress,Up in worms fed with E. Coli at 15°C,29,https://pubmed.ncbi.nlm.nih.gov/29515753/,Supplementary Table 6,FDR<0.05; foldchange unknown,authors,GSE101524,,
yes,WBcel235 ,Chemicals/stress,Down in worms fed with E. Coli at 15°C,387,https://pubmed.ncbi.nlm.nih.gov/29515753/,Supplementary Table 2,FDR<0.05; foldchange unknown,authors,GSE101524,,
yes,WBcel235 ,Chemicals/stress,Up in worms fed with E. Coli independent on temperature,68,https://pubmed.ncbi.nlm.nih.gov/29515753/,Supplementary Table 12,FDR<0.05; foldchange unknown,authors,GSE101524,,
yes,WBcel235 ,Chemicals/stress,Up in worms fed with B. Subtilis independent on temperature,173,https://pubmed.ncbi.nlm.nih.gov/29515753/,Supplementary Table 13,FDR<0.05; foldchange unknown,authors,GSE101524,,
yes,WS241,Development/Dauer/Aging,Up in daf-2,1737,https://pubmed.ncbi.nlm.nih.gov/30300667/,Supplementary Table S1,p<0.01; foldchange >= 2,JN,GSE106672,,
yes,WS241,Development/Dauer/Aging,Down in daf-2,265,https://pubmed.ncbi.nlm.nih.gov/30300667/,Supplementary Table S1,p<0.01; foldchange <= -2,JN,GSE106672,,
yes,WS241,Development/Dauer/Aging,Up in eat-2,355,https://pubmed.ncbi.nlm.nih.gov/30300667/,Supplementary Table S1,p<0.01; foldchange <= 2,JN,GSE106672,,
yes,WS241,Development/Dauer/Aging,Down in eat-2,121,https://pubmed.ncbi.nlm.nih.gov/30300667/,Supplementary Table S1,p<0.01; foldchange <= -2,JN,GSE106672,,
yes,WS241,Mutants,Up in daf-2,1737,https://pubmed.ncbi.nlm.nih.gov/30300667/,Supplementary Table S1,p<0.01; foldchange >= 2,JN,GSE106672,,
yes,WS241,Mutants,Down in daf-2,265,https://pubmed.ncbi.nlm.nih.gov/30300667/,Supplementary Table S1,p<0.01; foldchange <= -2,JN,GSE106672,,
yes,WS241,Mutants,Up in eat-2,355,https://pubmed.ncbi.nlm.nih.gov/30300667/,Supplementary Table S1,p<0.01; foldchange >= 2,JN,GSE106672,,
yes,WS241,Mutants,Down in eat-2,121,https://pubmed.ncbi.nlm.nih.gov/30300667/,Supplementary Table S1,p<0.01; foldchange <= -2,JN,GSE106672,,
yes,WBcel235 ,Development/Dauer/Aging,Up in mir-71(n4115) Day 5,500,https://pubmed.ncbi.nlm.nih.gov/29114017/,Table S8,p<0.01; foldchange >= 2,authors,GSE72232,,
yes,WBcel235 ,Development/Dauer/Aging,Down in mir-71(n4115) Day 5,1668,https://pubmed.ncbi.nlm.nih.gov/29114017/,Table S8,p<0.01; foldchange <= -2,authors,GSE72232,,
yes,WBcel235 ,Mutants,Up in mir-71(n4115) Day 5,500,https://pubmed.ncbi.nlm.nih.gov/29114017/,Table S8,p<0.01; foldchange >= 2,authors,GSE72232,,
yes,WBcel235 ,Mutants,Down in mir-71(n4115) Day 5,1668,https://pubmed.ncbi.nlm.nih.gov/29114017/,Table S8,p<0.01; foldchange <= -2,authors,GSE72232,,
yes,n.a.,Development/Dauer/Aging,Up by age in atm-1,57,https://pubmed.ncbi.nlm.nih.gov/27732836/,Supplementary File 4,no information given,authors,GSE76380,,
yes,n.a.,Development/Dauer/Aging,Down by age in atm-1,45,https://pubmed.ncbi.nlm.nih.gov/27732836/,Supplementary File 4,no information given,authors,GSE76380,,
yes,WBcel235 ,Development/Dauer/Aging,Up in age-dependent RNA expression,562,https://journals.plos.org/plosgenetics/article?id=10.1371/journal.pgen.1007466#sec019,S7 Table,FDR<0.05; foldchange >=2,JN,GSE101964,,
yes,WBcel235 ,Development/Dauer/Aging,Down in age-dependent RNA expression,697,https://journals.plos.org/plosgenetics/article?id=10.1371/journal.pgen.1007466#sec019,S7 Table,FDR<0.05; foldchange <= -2,JN,GSE101964,,
yes,WBcel235 ,Mutants,Up in ash-2 mutants,837,https://journals.plos.org/plosgenetics/article?id=10.1371/journal.pgen.1007466#sec019,S9 Table,FDR<0.05; foldchange unknown,authors,GSE101964,,
yes,WBcel235 ,Mutants,Down in ash-2 mutants,1010,https://journals.plos.org/plosgenetics/article?id=10.1371/journal.pgen.1007466#sec019,S9 Table,FDR<0.05; foldchange <= -2,authors,GSE101964,,
yes,n.a.,Chemicals/stress,Up after BSA-SPION exposure,74,https://pubmed.ncbi.nlm.nih.gov/28673184/,Table S4,p<0.01; foldchange >= 0,authors,GSE93186,,
yes,n.a.,Chemicals/stress,Down after BSA-SPION exposure,74,https://pubmed.ncbi.nlm.nih.gov/28673184/,Table S4,p<0.01; foldchange <= 0,authors,GSE93186,,
yes,n.a.,Mutants,Up in daf-19 in 3-fold embryo,76,https://pubmed.ncbi.nlm.nih.gov/29301909/,Table S2,p<0.01; foldchange >= 2,authors,GSE96068,,
yes,n.a.,Mutants,Up in daf-19 in L1 larvae,44,https://pubmed.ncbi.nlm.nih.gov/29301909/,Table S3,p<0.01; foldchange >= 2,authors,GSE96068,,
yes,n.a.,Mutants,Up in daf-19 in adult ,23,https://pubmed.ncbi.nlm.nih.gov/29301909/,Table S4,p<0.01; foldchange >= 2,authors,GSE96068,,
yes,n.a.,Tissue,Up in daf-19 in 3-fold embryo,76,https://pubmed.ncbi.nlm.nih.gov/29301909/,Table S2,p<0.01; foldchange >= 2,authors,GSE96068,,
yes,n.a.,Tissue,Up in daf-19 in L1 larvae,44,https://pubmed.ncbi.nlm.nih.gov/29301909/,Table S3,p<0.01; foldchange >= 2,authors,GSE96068,,
yes,n.a.,Tissue,Up in daf-19 in adult ,23,https://pubmed.ncbi.nlm.nih.gov/29301909/,Table S4,p<0.01; foldchange >= 2,authors,GSE96068,,
yes,WS220,Mutants,Up in xrn-2 mutants downstream,2818,https://pubmed.ncbi.nlm.nih.gov/29021241/,Table S1,FDR<0.05; foldchange >=2,JN,GSE97775,,
yes,WS220,Mutants,Down in xrn-2 mutants downstream,20,https://pubmed.ncbi.nlm.nih.gov/29021241/,Table S1,FDR<0.05; foldchange <= -2,JN,GSE97775,,
yes,WS220,Mutants,Up in xrn-2 mutants upstream,696,https://pubmed.ncbi.nlm.nih.gov/29021241/,Table S1,FDR<0.05; foldchange >=2,JN,GSE97775,,
yes,WS220,Mutants,Down in xrn-2 mutants upstream,2,https://pubmed.ncbi.nlm.nih.gov/29021241/,Table S1,FDR<0.05; foldchange <= -2,JN,GSE97775,,
yes,n.a.,Chemicals/stress,Up at 3h and skn-1 down,5,https://pubmed.ncbi.nlm.nih.gov/29487136/,Table S3,q < 0.05; B >= 1 or B <= -1,authors,GSE107704,,
yes,n.a.,Chemicals/stress,up at 24 h of NaCl,1014,https://pubmed.ncbi.nlm.nih.gov/29487136/,Table S3,q < 0.05; B >= 1 or B <= -1,authors,GSE107704,,
yes,n.a.,Chemicals/stress,down by skn-1 at 24 h,329,https://pubmed.ncbi.nlm.nih.gov/29487136/,Table S3,q < 0.05; B >= 1 or B <= -1,authors,GSE107704,,
yes,n.a.,Chemicals/stress,up at 24h and down by skn-1,42,https://pubmed.ncbi.nlm.nih.gov/29487136/,Table S3,q < 0.05; B >= 1 or B <= -1,authors,GSE107704,,
yes,n.a.,Chemicals/stress,up in dpy-7,1375,https://pubmed.ncbi.nlm.nih.gov/29487136/,Table S3,q < 0.05; B >= 1 or B <= -1,authors,GSE107704,,
yes,n.a.,Chemicals/stress,down by skn-1  in dpy-7,398,https://pubmed.ncbi.nlm.nih.gov/29487136/,Table S3,q < 0.05; B >= 1 or B <= -1,authors,GSE107704,,
yes,n.a.,Chemicals/stress,up in dpy-7 and down by skn-1,166,https://pubmed.ncbi.nlm.nih.gov/29487136/,Table S3,q < 0.05; B >= 1 or B <= -1,authors,GSE107704,,
yes,n.a.,Chemicals/stress,up at 3h and 24h NaCl,226,https://pubmed.ncbi.nlm.nih.gov/29487136/,Table S3,q < 0.05; B >= 1 or B <= -1,authors,GSE107704,,
yes,n.a.,Chemicals/stress,up at 3h NaCl and dpy-7,135,https://pubmed.ncbi.nlm.nih.gov/29487136/,Table S3,q < 0.05; B >= 1 or B <= -1,authors,GSE107704,,
yes,n.a.,Chemicals/stress,up at 24h NaCl and dpy-7,468,https://pubmed.ncbi.nlm.nih.gov/29487136/,Table S3,q < 0.05; B >= 1 or B <= -1,authors,GSE107704,,
yes,n.a.,Chemicals/stress,"Up at 3h, 24h, and dpy-7",108,https://pubmed.ncbi.nlm.nih.gov/29487136/,Table S3,q < 0.05; B >= 1 or B <= -1,authors,GSE107704,,
yes,n.a.,Mutants,Up at 3h and skn-1 down,5,https://pubmed.ncbi.nlm.nih.gov/29487136/,Table S3,q < 0.05; B >= 1 or B <= -1,authors,GSE107704,,
yes,n.a.,Mutants,up at 24 h of NaCl,1014,https://pubmed.ncbi.nlm.nih.gov/29487136/,Table S3,q < 0.05; B >= 1 or B <= -1,authors,GSE107704,,
yes,n.a.,Mutants,down by skn-1 at 24 h,329,https://pubmed.ncbi.nlm.nih.gov/29487136/,Table S3,q < 0.05; B >= 1 or B <= -1,authors,GSE107704,,
yes,n.a.,Mutants,up at 24h and down by skn-1,42,https://pubmed.ncbi.nlm.nih.gov/29487136/,Table S3,q < 0.05; B >= 1 or B <= -1,authors,GSE107704,,
yes,n.a.,Mutants,up in dpy-7,1375,https://pubmed.ncbi.nlm.nih.gov/29487136/,Table S3,q < 0.05; B >= 1 or B <= -1,authors,GSE107704,,
yes,n.a.,Mutants,down by skn-1  in dpy-7,398,https://pubmed.ncbi.nlm.nih.gov/29487136/,Table S3,q < 0.05; B >= 1 or B <= -1,authors,GSE107704,,
yes,n.a.,Mutants,up in dpy-7 and down by skn-1,166,https://pubmed.ncbi.nlm.nih.gov/29487136/,Table S3,q < 0.05; B >= 1 or B <= -1,authors,GSE107704,,
yes,n.a.,Mutants,up at 3h and 24h NaCl,226,https://pubmed.ncbi.nlm.nih.gov/29487136/,Table S3,q < 0.05; B >= 1 or B <= -1,authors,GSE107704,,
yes,n.a.,Mutants,up at 3h NaCl and dpy-7,135,https://pubmed.ncbi.nlm.nih.gov/29487136/,Table S3,q < 0.05; B >= 1 or B <= -1,authors,GSE107704,,
yes,n.a.,Mutants,up at 24h NaCl and dpy-7,468,https://pubmed.ncbi.nlm.nih.gov/29487136/,Table S3,q < 0.05; B >= 1 or B <= -1,authors,GSE107704,,
yes,n.a.,Mutants,"Up at 3h, 24h, and dpy-7",108,https://pubmed.ncbi.nlm.nih.gov/29487136/,Table S3,q < 0.05; B >= 1 or B <= -1,authors,GSE107704,,
yes,n.a.,Microbes,Up by E. Faecalis infection,44,https://pubmed.ncbi.nlm.nih.gov/29436902/,S1,padj < 0.05; foldchange >=2,JN,GSE95636,,
yes,n.a.,Microbes,Down by E. Faecalis infection,40,https://pubmed.ncbi.nlm.nih.gov/29436902/,S1,padj < 0.05; foldchange <=-2,JN,GSE95636,,
yes,n.a.,Microbes,Up by E. faecium infection,37,https://pubmed.ncbi.nlm.nih.gov/29436902/,S1,padj < 0.05; foldchange >=2,JN,GSE95636,,
yes,n.a.,Microbes,Down by E. faecium infection,44,https://pubmed.ncbi.nlm.nih.gov/29436902/,S1,padj < 0.05; foldchange <=-2,JN,GSE95636,,
yes,WS235,Mutants,Up in wt vs elt-2(-) larvae,1152,https://pubmed.ncbi.nlm.nih.gov/29360433/,Table S4,padj < 0.1  & log2FoldChange > 0.8,authors,GSE107175,,
yes,WS235,Mutants,Down in wt vs elt-2(-) larvae,619,https://pubmed.ncbi.nlm.nih.gov/29360433/,Table S4,padj < 0.1 & log2FoldChange < -0.8 ,authors,GSE107175,,
yes,WS235,Mutants,Up in wt vs elt-7(-) larvae,46,https://pubmed.ncbi.nlm.nih.gov/29360433/,Table S4,padj < 0.1  & log2FoldChange > 0.8,authors,GSE107175,,
yes,WS235,Mutants,Up in wt vs elt-2(-);elt-7(-) larvae,1105,https://pubmed.ncbi.nlm.nih.gov/29360433/,Table S4,padj < 0.1  & log2FoldChange > 0.8,authors,GSE107175,,
yes,WS235,Mutants,Down in wt vs elt-2(-);elt-7(-) larvae,994,https://pubmed.ncbi.nlm.nih.gov/29360433/,Table S4,padj < 0.1 & log2FoldChange < -0.8 ,authors,GSE107175,,
yes,WS235,Mutants,Up in elt-2(-) larvae vs elt-2(-);elt-7(-) larvae,211,https://pubmed.ncbi.nlm.nih.gov/29360433/,Table S4,padj < 0.1  & log2FoldChange > 0.8,authors,GSE107175,,
yes,WS235,Mutants,Down in elt-2(-) larvae vs elt-2(-);elt-7(-) larvae,647,https://pubmed.ncbi.nlm.nih.gov/29360433/,Table S4,padj < 0.1 & log2FoldChange < -0.8 ,authors,GSE107175,,
yes,WS235,TF Target,Up in wt vs elt-2(-) larvae,1152,https://pubmed.ncbi.nlm.nih.gov/29360433/,Table S4,padj < 0.1  & log2FoldChange > 0.8,authors,GSE107175,,
yes,WS235,TF Target,Down in wt vs elt-2(-) larvae,619,https://pubmed.ncbi.nlm.nih.gov/29360433/,Table S4,padj < 0.1 & log2FoldChange < -0.8 ,authors,GSE107175,,
yes,WS235,TF Target,Up in wt vs elt-7(-) larvae,46,https://pubmed.ncbi.nlm.nih.gov/29360433/,Table S4,padj < 0.1  & log2FoldChange > 0.8,authors,GSE107175,,
yes,WS235,TF Target,Up in wt vs elt-2(-);elt-7(-) larvae,1105,https://pubmed.ncbi.nlm.nih.gov/29360433/,Table S4,padj < 0.1  & log2FoldChange > 0.8,authors,GSE107175,,
yes,WS235,TF Target,Down in wt vs elt-2(-);elt-7(-) larvae,994,https://pubmed.ncbi.nlm.nih.gov/29360433/,Table S4,padj < 0.1 & log2FoldChange < -0.8 ,authors,GSE107175,,
yes,WS235,TF Target,Up in elt-2(-) larvae vs elt-2(-);elt-7(-) larvae,211,https://pubmed.ncbi.nlm.nih.gov/29360433/,Table S4,padj < 0.1  & log2FoldChange > 0.8,authors,GSE107175,,
yes,WS235,TF Target,Down in elt-2(-) larvae vs elt-2(-);elt-7(-) larvae,647,https://pubmed.ncbi.nlm.nih.gov/29360433/,Table S4,padj < 0.1 & log2FoldChange < -0.8 ,authors,GSE107175,,
yes,n.a.,Mutants,Up in adr-1;2 mixed-stage worms,60,https://pubmed.ncbi.nlm.nih.gov/29483152/,Supplementary S4,Benjamini-Hochberg corrected; foldchange >= 1.2,authors,GSE79375,,
yes,n.a.,Mutants,Down in adr-1;2 mixed-stage worms,143,https://pubmed.ncbi.nlm.nih.gov/29483152/,Supplementary S4,Benjamini-Hochberg corrected; foldchange >= 1.2,authors,GSE79375,,
yes,n.a.,Development/Dauer/Aging,Up in adr-1;2 mixed-stage worms,60,https://pubmed.ncbi.nlm.nih.gov/29483152/,Supplementary S4,Benjamini-Hochberg corrected; foldchange >= 1.2,authors,GSE79375,,
yes,n.a.,Development/Dauer/Aging,Down in adr-1;2 mixed-stage worms,143,https://pubmed.ncbi.nlm.nih.gov/29483152/,Supplementary S4,Benjamini-Hochberg corrected; foldchange >= 1.2,authors,GSE79375,,
yes,WBcel235,Mutants,Up in clk-1,92,https://pubmed.ncbi.nlm.nih.gov/29522556/,S1 Table,FDR<0.05; foldchange >=2,JN,GSE93724,,
yes,WBcel235,Mutants,Down in clk-1,44,https://pubmed.ncbi.nlm.nih.gov/29522556/,S1 Table,FDR<0.05; foldchange <= -2,JN,GSE93724,,
yes,WBcel235,Mutants,Up in isp-1,230,https://pubmed.ncbi.nlm.nih.gov/29522556/,S1 Table,FDR<0.05; foldchange >=2,JN,GSE93724,,
yes,WBcel235,Mutants,Down in isp-1,61,https://pubmed.ncbi.nlm.nih.gov/29522556/,S1 Table,FDR<0.05; foldchange <= -2,JN,GSE93724,,
yes,WBcel235,Mutants,Up in nuo-6,378,https://pubmed.ncbi.nlm.nih.gov/29522556/,S1 Table,FDR<0.05; foldchange >=2,JN,GSE93724,,
yes,WBcel235,Mutants,Down in nuo-6,88,https://pubmed.ncbi.nlm.nih.gov/29522556/,S1 Table,FDR<0.05; foldchange <= -2,JN,GSE93724,,
yes,WBcel235,Mutants,Up in daf-2,419,https://pubmed.ncbi.nlm.nih.gov/29522556/,S1 Table,FDR<0.05; foldchange >=2,JN,GSE93724,,
yes,WBcel235,Mutants,Down in daf-2,139,https://pubmed.ncbi.nlm.nih.gov/29522556/,S1 Table,FDR<0.05; foldchange <= -2,JN,GSE93724,,
yes,WBcel235,Mutants,Up in sod-2,84,https://pubmed.ncbi.nlm.nih.gov/29522556/,S1 Table,FDR<0.05; foldchange >=2,JN,GSE93724,,
yes,WBcel235,Mutants,Down in sod-2,22,https://pubmed.ncbi.nlm.nih.gov/29522556/,S1 Table,FDR<0.05; foldchange <= -2,JN,GSE93724,,
yes,WBcel235,DAF/Insulin/food,Up in clk-1,92,https://pubmed.ncbi.nlm.nih.gov/29522556/,S1 Table,FDR<0.05; foldchange >=2,JN,GSE93724,,
yes,WBcel235,DAF/Insulin/food,Down in clk-1,44,https://pubmed.ncbi.nlm.nih.gov/29522556/,S1 Table,FDR<0.05; foldchange <= -2,JN,GSE93724,,
yes,WBcel235,DAF/Insulin/food,Up in isp-1,230,https://pubmed.ncbi.nlm.nih.gov/29522556/,S1 Table,FDR<0.05; foldchange >=2,JN,GSE93724,,
yes,WBcel235,DAF/Insulin/food,Down in isp-1,61,https://pubmed.ncbi.nlm.nih.gov/29522556/,S1 Table,FDR<0.05; foldchange <= -2,JN,GSE93724,,
yes,WBcel235,DAF/Insulin/food,Up in nuo-6,378,https://pubmed.ncbi.nlm.nih.gov/29522556/,S1 Table,FDR<0.05; foldchange >=2,JN,GSE93724,,
yes,WBcel235,DAF/Insulin/food,Down in nuo-6,88,https://pubmed.ncbi.nlm.nih.gov/29522556/,S1 Table,FDR<0.05; foldchange <= -2,JN,GSE93724,,
yes,WBcel235,DAF/Insulin/food,Up in daf-2,419,https://pubmed.ncbi.nlm.nih.gov/29522556/,S1 Table,FDR<0.05; foldchange >=2,JN,GSE93724,,
yes,WBcel235,DAF/Insulin/food,Down in daf-2,139,https://pubmed.ncbi.nlm.nih.gov/29522556/,S1 Table,FDR<0.05; foldchange <= -2,JN,GSE93724,,
yes,WBcel235,DAF/Insulin/food,Up in sod-2,84,https://pubmed.ncbi.nlm.nih.gov/29522556/,S1 Table,FDR<0.05; foldchange >=2,JN,GSE93724,,
yes,WBcel235,DAF/Insulin/food,Down in sod-2,22,https://pubmed.ncbi.nlm.nih.gov/29522556/,S1 Table,FDR<0.05; foldchange <= -2,JN,GSE93724,,
yes,n.a.,Mutants,Up in pry-1 mutants,256,https://pubmed.ncbi.nlm.nih.gov/30403720/,S3 Table,padj<0.05; foldchange >= 2,JN,GSE94412,,
yes,n.a.,Mutants,Down in pry-1 mutants,1077,https://pubmed.ncbi.nlm.nih.gov/30403720/,S3 Table,padj < 0.05; foldchange <=-2,JN,GSE94412,,
yes,n.a.,Development/Dauer/Aging,Up in aging,407,https://pubmed.ncbi.nlm.nih.gov/28751504/,File S1,padj<0.05; foldchange >= 2,JN,GSE111257,,
yes,n.a.,Development/Dauer/Aging,Down in aging,250,https://pubmed.ncbi.nlm.nih.gov/28751504/,File S1,padj < 0.05; foldchange <=-2,JN,GSE111257,,
yes,n.a.,Mutants,Up in fog-2,22,https://pubmed.ncbi.nlm.nih.gov/28751504/,File S2,padj<0.05; foldchange >= 2,JN,GSE111257,,
yes,n.a.,Mutants,Down in fog-2,78,https://pubmed.ncbi.nlm.nih.gov/28751504/,File S2,padj < 0.05; foldchange <=-2,JN,GSE111257,,
yes,n.a.,Development/Dauer/Aging,Up in female-like state,72,https://pubmed.ncbi.nlm.nih.gov/28751504/,File S3,padj<0.05; foldchange >= 2,JN,GSE111257,,
yes,n.a.,Development/Dauer/Aging,Down in female-like state,44,https://pubmed.ncbi.nlm.nih.gov/28751504/,File S3,padj < 0.05; foldchange <=-2,JN,GSE111257,,
yes,n.a.,Chemicals/stress,Up by tBOOH in N2,250,https://onlinelibrary.wiley.com/doi/full/10.1111/acel.12743,Table S4,FDR<0.05; foldchange >=2,JN,GSE107799,,
yes,n.a.,Chemicals/stress,Up by tBOOH in nhr-49 mutants,125,https://onlinelibrary.wiley.com/doi/full/10.1111/acel.12743,Table S4,FDR<0.05; foldchange >=2,JN,GSE107799,,
yes,n.a.,Chemicals/stress,Up N2 +tBOOH vs. nhr-49 +tBOOH,20,https://onlinelibrary.wiley.com/doi/full/10.1111/acel.12743,Table S4,FDR<0.05; foldchange >=2,JN,GSE107799,,
yes,n.a.,Chemicals/stress,Down N2 +tBOOH vs. nhr-49 +tBOOH,12,https://onlinelibrary.wiley.com/doi/full/10.1111/acel.12743,Table S4,FDR<0.05; foldchange <= -2,JN,GSE107799,,
yes,n.a.,Chemicals/stress,Up N2 vs. nhr-49,17,https://onlinelibrary.wiley.com/doi/full/10.1111/acel.12743,Table S4,FDR<0.05; foldchange >=2,JN,GSE107799,,
yes,n.a.,Chemicals/stress,Down N2 vs. nhr-49,3,https://onlinelibrary.wiley.com/doi/full/10.1111/acel.12743,Table S4,FDR<0.05; foldchange <= -2,JN,GSE107799,,
yes,n.a.,Mutants,Up by tBOOH in N2,250,https://onlinelibrary.wiley.com/doi/full/10.1111/acel.12743,Table S4,FDR<0.05; foldchange >=2,JN,GSE107799,,
yes,n.a.,Mutants,Up by tBOOH in nhr-49 mutants,125,https://onlinelibrary.wiley.com/doi/full/10.1111/acel.12743,Table S4,FDR<0.05; foldchange >=2,JN,GSE107799,,
yes,n.a.,Mutants,Up N2 +tBOOH vs. nhr-49 +tBOOH,20,https://onlinelibrary.wiley.com/doi/full/10.1111/acel.12743,Table S4,FDR<0.05; foldchange >=2,JN,GSE107799,,
yes,n.a.,Mutants,Down N2 +tBOOH vs. nhr-49 +tBOOH,12,https://onlinelibrary.wiley.com/doi/full/10.1111/acel.12743,Table S4,FDR<0.05; foldchange <= -2,JN,GSE107799,,
yes,n.a.,Mutants,Up N2 vs. nhr-49,17,https://onlinelibrary.wiley.com/doi/full/10.1111/acel.12743,Table S4,FDR<0.05; foldchange >=2,JN,GSE107799,,
yes,n.a.,Mutants,Down N2 vs. nhr-49,3,https://onlinelibrary.wiley.com/doi/full/10.1111/acel.12743,Table S4,FDR<0.05; foldchange <= -2,JN,GSE107799,,
yes,n.a.,TF Target,Up by tBOOH in N2,250,https://onlinelibrary.wiley.com/doi/full/10.1111/acel.12743,Table S4,FDR<0.05; foldchange >=2,JN,GSE107799,,
yes,n.a.,TF Target,Up by tBOOH in nhr-49 mutants,125,https://onlinelibrary.wiley.com/doi/full/10.1111/acel.12743,Table S4,FDR<0.05; foldchange >=2,JN,GSE107799,,
yes,n.a.,TF Target,Up N2 +tBOOH vs. nhr-49 +tBOOH,20,https://onlinelibrary.wiley.com/doi/full/10.1111/acel.12743,Table S4,FDR<0.05; foldchange >=2,JN,GSE107799,,
yes,n.a.,TF Target,Down N2 +tBOOH vs. nhr-49 +tBOOH,12,https://onlinelibrary.wiley.com/doi/full/10.1111/acel.12743,Table S4,FDR<0.05; foldchange <= -2,JN,GSE107799,,
yes,n.a.,TF Target,Up N2 vs. nhr-49,17,https://onlinelibrary.wiley.com/doi/full/10.1111/acel.12743,Table S4,FDR<0.05; foldchange >=2,JN,GSE107799,,
yes,n.a.,TF Target,Down N2 vs. nhr-49,3,https://onlinelibrary.wiley.com/doi/full/10.1111/acel.12743,Table S4,FDR<0.05; foldchange <= -2,JN,GSE107799,,
yes,n.a.,Mutants,Up in drh-3(rrr2) mutant,345,https://pubmed.ncbi.nlm.nih.gov/29579041/,Dataset S1,FDR<0.05; foldchange >=2,JN,GSE97592,,
yes,n.a.,Mutants,Down in drh-3(rrr2) mutant,347,https://pubmed.ncbi.nlm.nih.gov/29579041/,Dataset S1,FDR<0.05; foldchange <= -2,JN,GSE97592,,
yes,n.a.,Chemicals/stress,Up after BPA treatment,66,https://pubmed.ncbi.nlm.nih.gov/29791850/,Supplementary file 2,p<0.05; foldchange >=2,JN,GSE113266,,
yes,WBcel235,Mutants,Up in H3.3(-) embryos,1,https://pubmed.ncbi.nlm.nih.gov/29636369/,Table S3,FDR<0.05; foldchange >=2,JN,GSE106889,,
yes,WBcel235,Mutants,Down in H3.3(-)  embryos,2,https://pubmed.ncbi.nlm.nih.gov/29636369/,Table S3,FDR<0.05; foldchange <= -2,JN,GSE106889,,
yes,WBcel235,Mutants,Up in H3.3(-) L1 larvae,1,https://pubmed.ncbi.nlm.nih.gov/29636369/,Table S4,FDR<0.05; foldchange >=2,JN,GSE106889,,
yes,WBcel235,Mutants,Down in H3.3(-) L1 larvae,2,https://pubmed.ncbi.nlm.nih.gov/29636369/,Table S4,FDR<0.05; foldchange <= -2,JN,GSE106889,,
yes,WBcel235,Epigenetics,Up in H3.3(-) embryos,1,https://pubmed.ncbi.nlm.nih.gov/29636369/,Table S3,FDR<0.05; foldchange >=2,JN,GSE106889,,
yes,WBcel235,Epigenetics,Down in H3.3(-)  embryos,2,https://pubmed.ncbi.nlm.nih.gov/29636369/,Table S3,FDR<0.05; foldchange <= -2,JN,GSE106889,,
yes,WBcel235,Epigenetics,Up in H3.3(-) L1 larvae,1,https://pubmed.ncbi.nlm.nih.gov/29636369/,Table S4,FDR<0.05; foldchange >=2,JN,GSE106889,,
yes,WBcel235,Epigenetics,Down in H3.3(-) L1 larvae,2,https://pubmed.ncbi.nlm.nih.gov/29636369/,Table S4,FDR<0.05; foldchange <= -2,JN,GSE106889,,
yes,WBcel235,Mutants,Up in flp-6 mutants,24,https://pubmed.ncbi.nlm.nih.gov/27720609/,Table S2,p<0.05; foldchange >=2,JN,GSE68464,,
yes,WBcel235,Mutants,Down in flp-6 mutants,17,https://pubmed.ncbi.nlm.nih.gov/27720609/,Table S2,p<0.05; foldchange <= -2,JN,GSE68464,,
yes,WBcel235,Chemicals/stress,Up in flp-6 mutants,24,https://pubmed.ncbi.nlm.nih.gov/27720609/,Table S2,p<0.05; foldchange >=2,JN,GSE68464,,
yes,WBcel235,Chemicals/stress,Down in flp-6 mutants,17,https://pubmed.ncbi.nlm.nih.gov/27720609/,Table S2,p<0.05; foldchange <= -2,JN,GSE68464,,
yes,WBcel235,Development/Dauer/Aging,Up in flp-6 mutants,24,https://pubmed.ncbi.nlm.nih.gov/27720609/,Table S2,p<0.05; foldchange >=2,JN,GSE68464,,
yes,WBcel235,Development/Dauer/Aging,Down in flp-6 mutants,17,https://pubmed.ncbi.nlm.nih.gov/27720609/,Table S2,p<0.05; foldchange <= -2,JN,GSE68464,,
yes,n.a.,Mutants,Up in alg-1(gk214) day 5 adult,1212,https://pubmed.ncbi.nlm.nih.gov/29927939/,S3 Table,padj<0.05; foldchange >= 2,JN,GSE112753,,
yes,n.a.,Mutants,Down in alg-1(gk214) day 5 adult,119,https://pubmed.ncbi.nlm.nih.gov/29927939/,S3 Table,padj<0.05; foldchange <= -2,JN,GSE112753,,
yes,n.a.,Mutants,Up in alg-2(ok304) day 5 adult,2,https://pubmed.ncbi.nlm.nih.gov/29927939/,S3 Table,padj<0.05; foldchange >= 2,JN,GSE112753,,
yes,n.a.,Mutants,Down in alg-2(ok304) day 5 adult,7,https://pubmed.ncbi.nlm.nih.gov/29927939/,S3 Table,padj<0.05; foldchange <= -2,JN,GSE112753,,
yes,n.a.,Chemicals/stress,Up in high maximum velocity,59,https://pubmed.ncbi.nlm.nih.gov/32350153/,Supplementary table 1,p<0.05; foldchange >= 2,JN,GSE99020,,
yes,n.a.,Chemicals/stress,Down in high maximum velocity,180,https://pubmed.ncbi.nlm.nih.gov/32350153/,Supplementary table 1,p<0.05; foldchange <= -2,JN,GSE99020,,
yes,WS220,Mutants,Up in nrx-1(-) mutants ,9,https://pubmed.ncbi.nlm.nih.gov/28879499/,Supplementary Table S1,p<0.05; foldchange >= 2,authors,GSE97980,,
yes,WS220,Mutants,Down in nrx-1(-) mutants ,18,https://pubmed.ncbi.nlm.nih.gov/28879499/,Supplementary Table S1,p<0.05; foldchange <= -2,authors,GSE97980,,
yes,WS220,Mutants,Up in nlg-1(-) mutants ,6,https://pubmed.ncbi.nlm.nih.gov/28879499/,Supplementary Table S1,p<0.05; foldchange <= -2,authors,GSE97980,,
yes,WS220,Mutants,Down in nlg-1(-) mutants ,23,https://pubmed.ncbi.nlm.nih.gov/28879499/,Supplementary Table S1,p<0.05; foldchange <= -2,authors,GSE97980,,
yes,WS220,Mutants,Up in nrx-1(-);nlg-1(-) mutants,79,https://pubmed.ncbi.nlm.nih.gov/28879499/,Supplementary Table S1,p<0.05; foldchange <= -2,authors,GSE97980,,
yes,WS220,Mutants,Down in nrx-1(-);nlg-1(-) mutants,6,https://pubmed.ncbi.nlm.nih.gov/28879499/,Supplementary Table S1,p<0.05; foldchange <= -2,authors,GSE97980,,
yes,WS220,Tissue,Up in nrx-1(-) mutants ,9,https://pubmed.ncbi.nlm.nih.gov/28879499/,Supplementary Table S1,p<0.05; foldchange >= 2,authors,GSE97980,,
yes,WS220,Tissue,Down in nrx-1(-) mutants ,18,https://pubmed.ncbi.nlm.nih.gov/28879499/,Supplementary Table S1,p<0.05; foldchange <= -2,authors,GSE97980,,
yes,WS220,Tissue,Up in nlg-1(-) mutants ,6,https://pubmed.ncbi.nlm.nih.gov/28879499/,Supplementary Table S1,p<0.05; foldchange >= 2,authors,GSE97980,,
yes,WS220,Tissue,Down in nlg-1(-) mutants ,23,https://pubmed.ncbi.nlm.nih.gov/28879499/,Supplementary Table S1,p<0.05; foldchange <= -2,authors,GSE97980,,
yes,WS220,Tissue,Up in nrx-1(-);nlg-1(-) mutants,79,https://pubmed.ncbi.nlm.nih.gov/28879499/,Supplementary Table S1,p<0.05; foldchange >= 2,authors,GSE97980,,
yes,WS220,Tissue,Down in nrx-1(-);nlg-1(-) mutants,6,https://pubmed.ncbi.nlm.nih.gov/28879499/,Supplementary Table S1,p<0.05; foldchange <= -2,authors,GSE97980,,
yes,n.a.,Mutants,Up by thoc-5(wy822) mutants,1851,https://pubmed.ncbi.nlm.nih.gov/30146163/,GSE supplementary,padj<0.05; foldchange >= 2,JN,GSE102300,,
yes,n.a.,Mutants,Down by thoc-5(wy822) mutants,1541,https://pubmed.ncbi.nlm.nih.gov/30146163/,GSE supplementary,padj<0.05; foldchange <= -2,JN,GSE102300,,
yes,n.a.,Tissue,Up by thoc-5(wy822) mutants,1851,https://pubmed.ncbi.nlm.nih.gov/30146163/,GSE supplementary,padj<0.05; foldchange >= 2,JN,GSE102300,,
yes,n.a.,Tissue,Down by thoc-5(wy822) mutants,1541,https://pubmed.ncbi.nlm.nih.gov/30146163/,GSE supplementary,padj<0.05; foldchange <= -2,JN,GSE102300,,
yes,WS250,Mutants,Up by set-9,170,https://pubmed.ncbi.nlm.nih.gov/29714684/,Supplementary file 2,FDR<0.05,authors,GSE100623,,
yes,WS250,Mutants,Down by set-9,560,https://pubmed.ncbi.nlm.nih.gov/29714684/,Supplementary file 2,FDR<0.05,authors,GSE100623,,
yes,WS250,Mutants,Up by set-26,338,https://pubmed.ncbi.nlm.nih.gov/29714684/,Supplementary file 2,FDR<0.05,authors,GSE100623,,
yes,WS250,Mutants,Down by set-26,531,https://pubmed.ncbi.nlm.nih.gov/29714684/,Supplementary file 2,FDR<0.05,authors,GSE100623,,
yes,WS250,Mutants,Up in F1 set-9;set-26,1888,https://pubmed.ncbi.nlm.nih.gov/29714684/,Supplementary file 2,FDR<0.05,authors,GSE100623,,
yes,WS250,Mutants,Down in F1 set-9;set-26,1644,https://pubmed.ncbi.nlm.nih.gov/29714684/,Supplementary file 2,FDR<0.05,authors,GSE100623,,
yes,WS250,Mutants,Up in F3 set-9;set-26,1137,https://pubmed.ncbi.nlm.nih.gov/29714684/,Supplementary file 2,FDR<0.05,authors,GSE100623,,
yes,WS250,Mutants,Down in F3 set-9;set-26,967,https://pubmed.ncbi.nlm.nih.gov/29714684/,Supplementary file 2,FDR<0.05,authors,GSE100623,,
yes,WS250,Mutants,genes with differential H3K4me3 level in F1 set-9 set-26,3017,https://pubmed.ncbi.nlm.nih.gov/29714684/,Supplementary file 2,FDR<0.05,authors,GSE100623,,
yes,WS250,Mutants,genes with differential H3K4me3 level in F3 set-9 set-26,4517,https://pubmed.ncbi.nlm.nih.gov/29714684/,Supplementary file 2,FDR<0.05,authors,GSE100623,,
yes,WS250,Mutants,Up in set-26; glp-1  vs glp-1,887,https://pubmed.ncbi.nlm.nih.gov/29714684/,Supplementary file 2,FDR<0.05,authors,GSE100623,,
yes,WS250,Mutants,Down in set-26; glp-1  vs glp-1,946,https://pubmed.ncbi.nlm.nih.gov/29714684/,Supplementary file 2,FDR<0.05,authors,GSE100623,,
yes,WS250,Mutants,Up in daf-16;set-26;glp1 vs set-26; glp-1,164,https://pubmed.ncbi.nlm.nih.gov/29714684/,Supplementary file 2,FDR<0.05,authors,GSE100623,,
yes,WS250,Mutants,Down in daf-16;set-26;glp1 vs set-26; glp-1,130,https://pubmed.ncbi.nlm.nih.gov/29714684/,Supplementary file 2,FDR<0.05,authors,GSE100623,,
yes,WS250,Development/Dauer/Aging,Up by set-9,170,https://pubmed.ncbi.nlm.nih.gov/29714684/,Supplementary file 2,FDR<0.05,authors,GSE100623,,
yes,WS250,Development/Dauer/Aging,Down by set-9,560,https://pubmed.ncbi.nlm.nih.gov/29714684/,Supplementary file 2,FDR<0.05,authors,GSE100623,,
yes,WS250,Development/Dauer/Aging,Up by set-26,338,https://pubmed.ncbi.nlm.nih.gov/29714684/,Supplementary file 2,FDR<0.05,authors,GSE100623,,
yes,WS250,Development/Dauer/Aging,Down by set-26,531,https://pubmed.ncbi.nlm.nih.gov/29714684/,Supplementary file 2,FDR<0.05,authors,GSE100623,,
yes,WS250,Development/Dauer/Aging,Up in F1 set-9;set-26,1888,https://pubmed.ncbi.nlm.nih.gov/29714684/,Supplementary file 2,FDR<0.05,authors,GSE100623,,
yes,WS250,Development/Dauer/Aging,Down in F1 set-9;set-26,1644,https://pubmed.ncbi.nlm.nih.gov/29714684/,Supplementary file 2,FDR<0.05,authors,GSE100623,,
yes,WS250,Development/Dauer/Aging,Up in F3 set-9;set-26,1137,https://pubmed.ncbi.nlm.nih.gov/29714684/,Supplementary file 2,FDR<0.05,authors,GSE100623,,
yes,WS250,Development/Dauer/Aging,Down in F3 set-9;set-26,967,https://pubmed.ncbi.nlm.nih.gov/29714684/,Supplementary file 2,FDR<0.05,authors,GSE100623,,
yes,WS250,Development/Dauer/Aging,genes with differential H3K4me3 level in F1 set-9 set-26,3017,https://pubmed.ncbi.nlm.nih.gov/29714684/,Supplementary file 2,FDR<0.05,authors,GSE100623,,
yes,WS250,Development/Dauer/Aging,genes with differential H3K4me3 level in F3 set-9 set-26,4517,https://pubmed.ncbi.nlm.nih.gov/29714684/,Supplementary file 2,FDR<0.05,authors,GSE100623,,
yes,WS250,Development/Dauer/Aging,Up in set-26; glp-1  vs glp-1,887,https://pubmed.ncbi.nlm.nih.gov/29714684/,Supplementary file 2,FDR<0.05,authors,GSE100623,,
yes,WS250,Development/Dauer/Aging,Down in set-26; glp-1  vs glp-1,946,https://pubmed.ncbi.nlm.nih.gov/29714684/,Supplementary file 2,FDR<0.05,authors,GSE100623,,
yes,WS250,Development/Dauer/Aging,Up in daf-16;set-26;glp1 vs set-26; glp-1,164,https://pubmed.ncbi.nlm.nih.gov/29714684/,Supplementary file 2,FDR<0.05,authors,GSE100623,,
yes,WS250,Development/Dauer/Aging,Down in daf-16;set-26;glp1 vs set-26; glp-1,130,https://pubmed.ncbi.nlm.nih.gov/29714684/,Supplementary file 2,FDR<0.05,authors,GSE100623,,
yes,n.a.,Tissue,Up in HSP-90 overexpressing neurons,39,https://pubmed.ncbi.nlm.nih.gov/29949773/,Table S2,p<0.05; foldchange > 1.5,authors,GSE108005,,
yes,WS250,Chemicals/stress,Down in axenic medium vs OP50 NGM in N2,2,https://pubmed.ncbi.nlm.nih.gov/30064382/,Table S4,no information given,authors,GSE103776,,
yes,WS250,Chemicals/stress,Up in axenic medium vs OP50 NGM in N2,5,https://pubmed.ncbi.nlm.nih.gov/30064382/,Table S4,no information given,authors,GSE103776,,
yes,WS250,Chemicals/stress,Down in axenic medium vs OP50 NGM in AB1,1,https://pubmed.ncbi.nlm.nih.gov/30064382/,Table S4,no information given,authors,GSE103776,,
yes,WS250,Chemicals/stress,Up in axenic medium vs OP50 NGM in AB1,11,https://pubmed.ncbi.nlm.nih.gov/30064382/,Table S4,no information given,authors,GSE103776,,
yes,n.a.,Epigenetics,Up in IGN ,5075,https://pubmed.ncbi.nlm.nih.gov/31208332/,Additional file 10,padj<0.01; foldchange > 0,authors,GSE117061,,
yes,n.a.,Epigenetics,Up in SOM,3965,https://pubmed.ncbi.nlm.nih.gov/31208332/,Additional file 10,padj<0.01; foldchange < 0,authors,GSE117061,,
yes,n.a.,Chemicals/stress,Up in egl-9(lf),201,https://pubmed.ncbi.nlm.nih.gov/30010540/,Supplementary file 2,FDR<0.05; foldchange >= 2,JN,GSE108283,,
yes,n.a.,Chemicals/stress,Down in egl-9(lf),185,https://pubmed.ncbi.nlm.nih.gov/30010540/,Supplementary file 1,FDR<0.05; foldchange <= -2,JN,GSE108283,,
yes,n.a.,Mutants,Up in wdr-23(mac35lf) ,10,https://pubmed.ncbi.nlm.nih.gov/30166349/,Result S2,p<0.05; foldchange >= 0,authors,GSE117222,,
yes,n.a.,Mutants,Down in wdr-23(mac35lf) ,2,https://pubmed.ncbi.nlm.nih.gov/30166349/,Result S2,p<0.05; foldchange <= 0,authors,GSE117222,,
yes,n.a.,Mutants,Up in skn-1(mac53gf) ,9,https://pubmed.ncbi.nlm.nih.gov/30166349/,Result S2,p<0.05; foldchange >= 0,authors,GSE117222,,
yes,n.a.,Mutants,Down in skn-1(mac53gf) ,2,https://pubmed.ncbi.nlm.nih.gov/30166349/,Result S2,p<0.05; foldchange <= 0,authors,GSE117222,,
yes,WS210,Chemicals/stress,Up control fed vs control starved,160,https://pubmed.ncbi.nlm.nih.gov/30049782/,File _S1,FDR<0.05; foldchange >=2,JN,GSE113500,,
yes,WS210,Chemicals/stress,Down control fed vs control starved,159,https://pubmed.ncbi.nlm.nih.gov/30049782/,File _S1,FDR<0.05; foldchange <= -2,JN,GSE113500,,
yes,WS210,Chemicals/stress,Up short term dauer fed vs short term dauer starved,131,https://pubmed.ncbi.nlm.nih.gov/30049782/,File _S1,FDR<0.05; foldchange >=2,JN,GSE113500,,
yes,WS210,Chemicals/stress,Down short term dauer fed vs short term dauer starved,140,https://pubmed.ncbi.nlm.nih.gov/30049782/,File _S1,FDR<0.05; foldchange <= -2,JN,GSE113500,,
yes,WS210,Chemicals/stress,Up long term dauer fed vs long term dauer starved,123,https://pubmed.ncbi.nlm.nih.gov/30049782/,File _S1,FDR<0.05; foldchange >=2,JN,GSE113500,,
yes,WS210,Chemicals/stress,Down long term dauer fed vs long term dauer starved,143,https://pubmed.ncbi.nlm.nih.gov/30049782/,File _S1,FDR<0.05; foldchange <= -2,JN,GSE113500,,
yes,WS210,Chemicals/stress,Up control fed vs long term dauer fed,4,https://pubmed.ncbi.nlm.nih.gov/30049782/,File _S1,FDR<0.05; foldchange >=2,JN,GSE113500,,
yes,WS210,Chemicals/stress,Up control starved vs long term dauer starved,1,https://pubmed.ncbi.nlm.nih.gov/30049782/,File _S1,FDR<0.05; foldchange >=2,JN,GSE113500,,
yes,WS210,Development/Dauer/Aging,Up control fed vs control starved,160,https://pubmed.ncbi.nlm.nih.gov/30049782/,File _S1,FDR<0.05; foldchange >=2,JN,GSE113500,,
yes,WS210,Development/Dauer/Aging,Down control fed vs control starved,159,https://pubmed.ncbi.nlm.nih.gov/30049782/,File _S1,FDR<0.05; foldchange <= -2,JN,GSE113500,,
yes,WS210,Development/Dauer/Aging,Up short term dauer fed vs short term dauer starved,131,https://pubmed.ncbi.nlm.nih.gov/30049782/,File _S1,FDR<0.05; foldchange >=2,JN,GSE113500,,
yes,WS210,Development/Dauer/Aging,Down short term dauer fed vs short term dauer starved,140,https://pubmed.ncbi.nlm.nih.gov/30049782/,File _S1,FDR<0.05; foldchange <= -2,JN,GSE113500,,
yes,WS210,Development/Dauer/Aging,Up long term dauer fed vs long term dauer starved,123,https://pubmed.ncbi.nlm.nih.gov/30049782/,File _S1,FDR<0.05; foldchange >=2,JN,GSE113500,,
yes,WS210,Development/Dauer/Aging,Down long term dauer fed vs long term dauer starved,143,https://pubmed.ncbi.nlm.nih.gov/30049782/,File _S1,FDR<0.05; foldchange <= -2,JN,GSE113500,,
yes,WS210,Development/Dauer/Aging,Up control fed vs long term dauer fed,4,https://pubmed.ncbi.nlm.nih.gov/30049782/,File _S1,FDR<0.05; foldchange >=2,JN,GSE113500,,
yes,WS210,Development/Dauer/Aging,Up control starved vs long term dauer starved,1,https://pubmed.ncbi.nlm.nih.gov/30049782/,File _S1,FDR<0.05; foldchange >=2,JN,GSE113500,,
yes,WS220,Chemicals/stress,Up Ivermectin at 1 hour vs. Ivermectin + Food at 1 hour ,169,https://pubmed.ncbi.nlm.nih.gov/30296941/,Dataset S1,FDR<0.05; foldchange >=2,JN,GSE114955,,
yes,WS220,Chemicals/stress,Down Ivermectin at 1 hour vs. Ivermectin + Food at 1 hour ,27,https://pubmed.ncbi.nlm.nih.gov/30296941/,Dataset S1,FDR<0.05; foldchange <= -2,JN,GSE114955,,
yes,WS220,Chemicals/stress,Up Ivermectin at 24 hours vs. Ivermectin + Food at 24 hours,60,https://pubmed.ncbi.nlm.nih.gov/30296941/,Dataset S1,FDR<0.05; foldchange >=2,JN,GSE114955,,
yes,WS220,Chemicals/stress,Down Ivermectin at 24 hours vs. Ivermectin + Food at 24 hours,6,https://pubmed.ncbi.nlm.nih.gov/30296941/,Dataset S1,FDR<0.05; foldchange <= -2,JN,GSE114955,,
yes,WS220,Chemicals/stress,Up Ivermectin at 1 hour vs. Ivermectin at 24 hours,36,https://pubmed.ncbi.nlm.nih.gov/30296941/,Dataset S1,FDR<0.05; foldchange >=2,JN,GSE114955,,
yes,WS220,Chemicals/stress,Down Ivermectin at 1 hour vs. Ivermectin at 24 hours,83,https://pubmed.ncbi.nlm.nih.gov/30296941/,Dataset S1,FDR<0.05; foldchange <= -2,JN,GSE114955,,
yes,WS220,Chemicals/stress,Up Ivermectin + Food at 1 hour vs. Ivermectin + Food at 24 hours,77,https://pubmed.ncbi.nlm.nih.gov/30296941/,Dataset S1,FDR<0.05; foldchange >=2,JN,GSE114955,,
yes,WS220,Chemicals/stress,Down Ivermectin + Food at 1 hour vs. Ivermectin + Food at 24 hours,200,https://pubmed.ncbi.nlm.nih.gov/30296941/,Dataset S1,FDR<0.05; foldchange <= -2,JN,GSE114955,,
yes,WS220,Chemicals/stress,Up No Ivermectin No Food at 1hr vs. No Ivermectin Food at 1hr,296,https://pubmed.ncbi.nlm.nih.gov/30296941/,Dataset S1,FDR<0.05; foldchange >=2,JN,GSE114955,,
yes,WS220,Chemicals/stress,Down No Ivermectin No Food at 1hr vs. No Ivermectin Food at 1hr,402,https://pubmed.ncbi.nlm.nih.gov/30296941/,Dataset S1,FDR<0.05; foldchange <= -2,JN,GSE114955,,
yes,WS220,Chemicals/stress,Up Ivermectin Food at 1hr vs. No Ivermectin Food at 1hr,459,https://pubmed.ncbi.nlm.nih.gov/30296941/,Dataset S1,FDR<0.05; foldchange >=2,JN,GSE114955,,
yes,WS220,Chemicals/stress,Down Ivermectin Food at 1hr vs. No Ivermectin Food at 1hr,2548,https://pubmed.ncbi.nlm.nih.gov/30296941/,Dataset S1,FDR<0.05; foldchange <= -2,JN,GSE114955,,
yes,WS220,Chemicals/stress,Up Ivermectin No Food at 1hr vs. No Ivermectin No Food at 1hr,469,https://pubmed.ncbi.nlm.nih.gov/30296941/,Dataset S1,FDR<0.05; foldchange >=2,JN,GSE114955,,
yes,WS220,Chemicals/stress,Down Ivermectin No Food at 1hr vs. No Ivermectin No Food at 1hr,1937,https://pubmed.ncbi.nlm.nih.gov/30296941/,Dataset S1,FDR<0.05; foldchange <= -2,JN,GSE114955,,
yes,WS220,DAF/Insulin/food,Up Ivermectin at 1 hour vs. Ivermectin + Food at 1 hour ,169,https://pubmed.ncbi.nlm.nih.gov/30296941/,Dataset S1,FDR<0.05; foldchange >=2,JN,GSE114955,,
yes,WS220,DAF/Insulin/food,Down Ivermectin at 1 hour vs. Ivermectin + Food at 1 hour ,27,https://pubmed.ncbi.nlm.nih.gov/30296941/,Dataset S1,FDR<0.05; foldchange <= -2,JN,GSE114955,,
yes,WS220,DAF/Insulin/food,Up Ivermectin at 24 hours vs. Ivermectin + Food at 24 hours,60,https://pubmed.ncbi.nlm.nih.gov/30296941/,Dataset S1,FDR<0.05; foldchange >=2,JN,GSE114955,,
yes,WS220,DAF/Insulin/food,Down Ivermectin at 24 hours vs. Ivermectin + Food at 24 hours,6,https://pubmed.ncbi.nlm.nih.gov/30296941/,Dataset S1,FDR<0.05; foldchange <= -2,JN,GSE114955,,
yes,WS220,DAF/Insulin/food,Up Ivermectin at 1 hour vs. Ivermectin at 24 hours,36,https://pubmed.ncbi.nlm.nih.gov/30296941/,Dataset S1,FDR<0.05; foldchange >=2,JN,GSE114955,,
yes,WS220,DAF/Insulin/food,Down Ivermectin at 1 hour vs. Ivermectin at 24 hours,83,https://pubmed.ncbi.nlm.nih.gov/30296941/,Dataset S1,FDR<0.05; foldchange <= -2,JN,GSE114955,,
yes,WS220,DAF/Insulin/food,Up Ivermectin + Food at 1 hour vs. Ivermectin + Food at 24 hours,77,https://pubmed.ncbi.nlm.nih.gov/30296941/,Dataset S1,FDR<0.05; foldchange >=2,JN,GSE114955,,
yes,WS220,DAF/Insulin/food,Down Ivermectin + Food at 1 hour vs. Ivermectin + Food at 24 hours,200,https://pubmed.ncbi.nlm.nih.gov/30296941/,Dataset S1,FDR<0.05; foldchange <= -2,JN,GSE114955,,
yes,WS220,DAF/Insulin/food,Up No Ivermectin No Food at 1hr vs. No Ivermectin Food at 1hr,296,https://pubmed.ncbi.nlm.nih.gov/30296941/,Dataset S1,FDR<0.05; foldchange >=2,JN,GSE114955,,
yes,WS220,DAF/Insulin/food,Down No Ivermectin No Food at 1hr vs. No Ivermectin Food at 1hr,402,https://pubmed.ncbi.nlm.nih.gov/30296941/,Dataset S1,FDR<0.05; foldchange <= -2,JN,GSE114955,,
yes,WS220,DAF/Insulin/food,Up Ivermectin Food at 1hr vs. No Ivermectin Food at 1hr,459,https://pubmed.ncbi.nlm.nih.gov/30296941/,Dataset S1,FDR<0.05; foldchange >=2,JN,GSE114955,,
yes,WS220,DAF/Insulin/food,Down Ivermectin Food at 1hr vs. No Ivermectin Food at 1hr,2548,https://pubmed.ncbi.nlm.nih.gov/30296941/,Dataset S1,FDR<0.05; foldchange <= -2,JN,GSE114955,,
yes,WS220,DAF/Insulin/food,Up Ivermectin No Food at 1hr vs. No Ivermectin No Food at 1hr,469,https://pubmed.ncbi.nlm.nih.gov/30296941/,Dataset S1,FDR<0.05; foldchange >=2,JN,GSE114955,,
yes,WS220,DAF/Insulin/food,Down Ivermectin No Food at 1hr vs. No Ivermectin No Food at 1hr,1937,https://pubmed.ncbi.nlm.nih.gov/30296941/,Dataset S1,FDR<0.05; foldchange <= -2,JN,GSE114955,,
yes,WS220,Chemicals/stress,Up in P0 after antimycin exposure,175,https://pubmed.ncbi.nlm.nih.gov/30510156/,Supplementary Table 4,p unknown; foldchange >= 2,authors,GSE118175,,
yes,WS220,Chemicals/stress,Up in F1 after antimycin exposure in P0,360,https://pubmed.ncbi.nlm.nih.gov/30510156/,Supplementary Table 4,p unknown; foldchange >= 2,authors,GSE118175,,
yes,WS220,Chemicals/stress,Up in F2 after antimycin exposure in P0,364,https://pubmed.ncbi.nlm.nih.gov/30510156/,Supplementary Table 4,p unknown; foldchange >= 2,authors,GSE118175,,
yes,WS220,Chemicals/stress,Up in P0 after antimycin exposure in damt-1 mutants,11,https://pubmed.ncbi.nlm.nih.gov/30510156/,Supplementary Table 4,p unknown; foldchange >= 2,authors,GSE118175,,
yes,WS220,Chemicals/stress,Down in P0 after antimycin exposure in damt-1 mutants,8,https://pubmed.ncbi.nlm.nih.gov/30510156/,Supplementary Table 4,p unknown; foldchange <= -2,authors,GSE118175,,
yes,WS220,Chemicals/stress,Up in F1 after antimycin exposure in P0 in damt-1 mutants,11,https://pubmed.ncbi.nlm.nih.gov/30510156/,Supplementary Table 4,p unknown; foldchange >= 2,authors,GSE118175,,
yes,WS220,Chemicals/stress,Down in F1 after antimycin exposure in P0 in damt-1 mutants,15,https://pubmed.ncbi.nlm.nih.gov/30510156/,Supplementary Table 4,p unknown; foldchange <= -2,authors,GSE118175,,
yes,WS220,Chemicals/stress,Up in F2 after antimycin exposure in P0 in damt-1 mutants,9,https://pubmed.ncbi.nlm.nih.gov/30510156/,Supplementary Table 4,p unknown; foldchange >= 2,authors,GSE118175,,
yes,WS220,Chemicals/stress,Down in F2 after antimycin exposure in P0 in damt-1 mutants,13,https://pubmed.ncbi.nlm.nih.gov/30510156/,Supplementary Table 4,p unknown; foldchange <= -2,authors,GSE118175,,
yes,WS220,Mutants,Up in P0 after antimycin exposure,175,https://pubmed.ncbi.nlm.nih.gov/30510156/,Supplementary Table 4,p unknown; foldchange >= 2,authors,GSE118175,,
yes,WS220,Mutants,Up in F1 after antimycin exposure in P0,360,https://pubmed.ncbi.nlm.nih.gov/30510156/,Supplementary Table 4,p unknown; foldchange >= 2,authors,GSE118175,,
yes,WS220,Mutants,Up in F2 after antimycin exposure in P0,364,https://pubmed.ncbi.nlm.nih.gov/30510156/,Supplementary Table 4,p unknown; foldchange >= 2,authors,GSE118175,,
yes,WS220,Mutants,Up in P0 after antimycin exposure in damt-1 mutants,11,https://pubmed.ncbi.nlm.nih.gov/30510156/,Supplementary Table 4,p unknown; foldchange >= 2,authors,GSE118175,,
yes,WS220,Mutants,Down in P0 after antimycin exposure in damt-1 mutants,8,https://pubmed.ncbi.nlm.nih.gov/30510156/,Supplementary Table 4,p unknown; foldchange <= -2,authors,GSE118175,,
yes,WS220,Mutants,Up in F1 after antimycin exposure in P0 in damt-1 mutants,11,https://pubmed.ncbi.nlm.nih.gov/30510156/,Supplementary Table 4,p unknown; foldchange >= 2,authors,GSE118175,,
yes,WS220,Mutants,Down in F1 after antimycin exposure in P0 in damt-1 mutants,15,https://pubmed.ncbi.nlm.nih.gov/30510156/,Supplementary Table 4,p unknown; foldchange <= -2,authors,GSE118175,,
yes,WS220,Mutants,Up in F2 after antimycin exposure in P0 in damt-1 mutants,9,https://pubmed.ncbi.nlm.nih.gov/30510156/,Supplementary Table 4,p unknown; foldchange >= 2,authors,GSE118175,,
yes,WS220,Mutants,Down in F2 after antimycin exposure in P0 in damt-1 mutants,13,https://pubmed.ncbi.nlm.nih.gov/30510156/,Supplementary Table 4,p unknown; foldchange <= -2,authors,GSE118175,,
yes,n.a.,Microbes,Up in wt at 24h after P. Aeruginosa infection,208,https://pubmed.ncbi.nlm.nih.gov/32857822/,S1 Table,p<0.01; foldchange >= 2,JN,GSE121091,,
yes,n.a.,Microbes,Down in wt at 24h after P. Aeruginosa infection,52,https://pubmed.ncbi.nlm.nih.gov/32857822/,S2 Table,p<0.01; foldchange <= -2,JN,GSE121091,,
yes,n.a.,Tissue,Up in AVK,1647,https://pubmed.ncbi.nlm.nih.gov/30392795/,Table S1,p unknown; foldchange >= 2,authors,GSE121129,,
yes,n.a.,Mutants,Up in pmt-2,2110,https://pubmed.ncbi.nlm.nih.gov/30333136/,Table S2,ANOVA p<0.05; foldchange >= 1.5,authors,GSE99763,,
yes,n.a.,Mutants,Down in pmt-2,1325,https://pubmed.ncbi.nlm.nih.gov/30333136/,Table S2,ANOVA p<0.05; foldchange <= -1.5,authors,GSE99763,,
yes,n.a.,Chemicals/stress,Up by Tunicamycin,766,https://pubmed.ncbi.nlm.nih.gov/30333136/,Table S2,ANOVA p<0.05; foldchange >= 1.5,authors,GSE99763,,
yes,n.a.,Chemicals/stress,Down by Tunicamycin,1052,https://pubmed.ncbi.nlm.nih.gov/30333136/,Table S2,ANOVA p<0.05; foldchange <= -1.5,authors,GSE99763,,
yes,WS210,DAF/Insulin/food,Up during L1 arrest in the progeny of DR parents,46,https://pubmed.ncbi.nlm.nih.gov/31280992/,Table S1,FDR<0.05; foldchange >= 0,authors,GSE114271,,
yes,WS210,DAF/Insulin/food,Down during L1 arrest in the progeny of DR parents,68,https://pubmed.ncbi.nlm.nih.gov/31280992/,Table S1,FDR<0.05; foldchange <= 0,authors,GSE114271,,
yes,WBcel235,Chemicals/stress,Up by Ag,53,https://pubmed.ncbi.nlm.nih.gov/32149031/,Data S1,FDR<0.05; foldchange >= 2,JN,GSE122728,,
yes,WBcel235,Chemicals/stress,Down by Ag,42,https://pubmed.ncbi.nlm.nih.gov/32149031/,Data S1,FDR<0.05; foldchange <= -2,JN,GSE122728,,
yes,WBcel235,Chemicals/stress,Up by SiO2,72,https://pubmed.ncbi.nlm.nih.gov/32149031/,Data S1,FDR<0.05; foldchange >= 2,JN,GSE122728,,
yes,WBcel235,Chemicals/stress,Down by SiO2,68,https://pubmed.ncbi.nlm.nih.gov/32149031/,Data S1,FDR<0.05; foldchange <= -2,JN,GSE122728,,
yes,WBcel235,Mutants,Up in nuo-6,321,https://pubmed.ncbi.nlm.nih.gov/30563508/,Table S2,FDR<0.05; foldchange >= 2,JN,GSE110984,,
yes,WBcel235,Mutants,Down in nuo-6,96,https://pubmed.ncbi.nlm.nih.gov/30563508/,Table S2,FDR<0.05; foldchange <= -2,JN,GSE110984,,
yes,WBcel235,Mutants,Up in nuo-6;atfs-1,237,https://pubmed.ncbi.nlm.nih.gov/30563508/,Table S2,FDR<0.05; foldchange >= 2,JN,GSE110984,,
yes,WBcel235,Mutants,Down in nuo-6;atfs-1,32,https://pubmed.ncbi.nlm.nih.gov/30563508/,Table S2,FDR<0.05; foldchange <= -2,JN,GSE110984,,
yes,WBcel235,Mutants,Up in atfs-1(gk3094),33,https://pubmed.ncbi.nlm.nih.gov/30563508/,Table S2,FDR<0.05; foldchange >= 2,JN,GSE110984,,
yes,WBcel235,Mutants,Down in atfs-1(gk3094),3,https://pubmed.ncbi.nlm.nih.gov/30563508/,Table S2,FDR<0.05; foldchange <= -2,JN,GSE110984,,
yes,WBcel235,Mutants,Up in atfs-1(et15),523,https://pubmed.ncbi.nlm.nih.gov/30563508/,Table S2,FDR<0.05; foldchange >= 2,JN,GSE110984,,
yes,WBcel235,Mutants,Down in atfs-1(et15),112,https://pubmed.ncbi.nlm.nih.gov/30563508/,Table S2,FDR<0.05; foldchange <= -2,JN,GSE110984,,
yes,WBcel235,Mutants,Up in atfs-1(et17),136,https://pubmed.ncbi.nlm.nih.gov/30563508/,Table S2,FDR<0.05; foldchange >= 2,JN,GSE110984,,
yes,WBcel235,Mutants,Down in atfs-1(et17),8,https://pubmed.ncbi.nlm.nih.gov/30563508/,Table S2,FDR<0.05; foldchange <= -2,JN,GSE110984,,
yes,WBcel235,Mutants,Up in nuo-6;hif-1,1000,https://pubmed.ncbi.nlm.nih.gov/30563508/,Table S2,FDR<0.05; foldchange >= 2,JN,GSE110984,,
yes,WBcel235,Mutants,Down in nuo-6;hif-1,441,https://pubmed.ncbi.nlm.nih.gov/30563508/,Table S2,FDR<0.05; foldchange <= -2,JN,GSE110984,,
yes,WBcel235,Mutants,Up in hif-1,28,https://pubmed.ncbi.nlm.nih.gov/30563508/,Table S2,FDR<0.05; foldchange >= 2,JN,GSE110984,,
yes,WBcel235,Mutants,Down in hif-1,14,https://pubmed.ncbi.nlm.nih.gov/30563508/,Table S2,FDR<0.05; foldchange <= -2,JN,GSE110984,,
yes,WS235,DAF/Insulin/food,Up in daf-16;fer-15 at day2-3,126,https://pubmed.ncbi.nlm.nih.gov/30773782/,Supplementary file 2,p<0.05; no further information,authors,GSE122892,,
yes,WS235,DAF/Insulin/food,Down in daf-16;fer-15 at day2-3,24,https://pubmed.ncbi.nlm.nih.gov/30773782/,Supplementary file 2,p<0.05; no further information,authors,GSE122892,,
yes,WS235,DAF/Insulin/food,Up in daf-16;fer-15 at day4-5,126,https://pubmed.ncbi.nlm.nih.gov/30773782/,Supplementary file 2,p<0.05; no further information,authors,GSE122892,,
yes,WS235,DAF/Insulin/food,Down in daf-16;fer-15 at day4-5,77,https://pubmed.ncbi.nlm.nih.gov/30773782/,Supplementary file 2,p<0.05; no further information,authors,GSE122892,,
yes,WS235,DAF/Insulin/food,Up in daf-16;fer-15 at day6-7,379,https://pubmed.ncbi.nlm.nih.gov/30773782/,Supplementary file 2,p<0.05; no further information,authors,GSE122892,,
yes,WS235,DAF/Insulin/food,Down in daf-16;fer-15 at day6-7,303,https://pubmed.ncbi.nlm.nih.gov/30773782/,Supplementary file 2,p<0.05; no further information,authors,GSE122892,,
yes,WS235,Mutants,Up in daf-16;fer-15 at day2-3,126,https://pubmed.ncbi.nlm.nih.gov/30773782/,Supplementary file 2,p<0.05; no further information,authors,GSE122892,,
yes,WS235,Mutants,Down in daf-16;fer-15 at day2-3,24,https://pubmed.ncbi.nlm.nih.gov/30773782/,Supplementary file 2,p<0.05; no further information,authors,GSE122892,,
yes,WS235,Mutants,Up in daf-16;fer-15 at day4-5,126,https://pubmed.ncbi.nlm.nih.gov/30773782/,Supplementary file 2,p<0.05; no further information,authors,GSE122892,,
yes,WS235,Mutants,Down in daf-16;fer-15 at day4-5,77,https://pubmed.ncbi.nlm.nih.gov/30773782/,Supplementary file 2,p<0.05; no further information,authors,GSE122892,,
yes,WS235,Mutants,Up in daf-16;fer-15 at day6-7,379,https://pubmed.ncbi.nlm.nih.gov/30773782/,Supplementary file 2,p<0.05; no further information,authors,GSE122892,,
yes,WS235,Mutants,Down in daf-16;fer-15 at day6-7,303,https://pubmed.ncbi.nlm.nih.gov/30773782/,Supplementary file 2,p<0.05; no further information,authors,GSE122892,,
yes,WBcel235,DAF/Insulin/food,Up by CBM588 feeding,86,https://pubmed.ncbi.nlm.nih.gov/30563064/,Table S2,p<0.01; foldchange >= 2,JN,GSE123163,,
yes,WBcel235,DAF/Insulin/food,Down by CBM588 feeding,280,https://pubmed.ncbi.nlm.nih.gov/30563064/,Table S2,p<0.01; foldchange <= -2,JN,GSE123163,,
yes,WBcel235,Chemicals/stress,Up by Allantoin,24,https://www.sciencedirect.com/science/article/pii/S1534580718306993#app2,Table S3,p<0.05; foldchange >= 2,authors,GSE108263,,
yes,WBcel235,Chemicals/stress,Down by Allantoin,7,https://www.sciencedirect.com/science/article/pii/S1534580718306993#app2,Table S3,p<0.05; foldchange <= -2,authors,GSE108263,,
yes,WBcel235,Chemicals/stress,Up by Metformin,29,https://www.sciencedirect.com/science/article/pii/S1534580718306993#app2,Table S3,p<0.05; foldchange >= 2,authors,GSE108263,,
yes,WBcel235,Chemicals/stress,Down by Metformin,81,https://www.sciencedirect.com/science/article/pii/S1534580718306993#app2,Table S3,p<0.05; foldchange <= -2,authors,GSE108263,,
yes,WBcel235,Chemicals/stress,Up by Psora,71,https://www.sciencedirect.com/science/article/pii/S1534580718306993#app2,Table S3,p<0.05; foldchange >= 2,authors,GSE108263,,
yes,WBcel235,Chemicals/stress,Down by Psora,610,https://www.sciencedirect.com/science/article/pii/S1534580718306993#app2,Table S3,p<0.05; foldchange <= -2,authors,GSE108263,,
yes,WBcel235,Chemicals/stress,Up by Rapamycin,133,https://www.sciencedirect.com/science/article/pii/S1534580718306993#app2,Table S3,p<0.05; foldchange >= 2,authors,GSE108263,,
yes,WBcel235,Chemicals/stress,Down by Rapamycin,301,https://www.sciencedirect.com/science/article/pii/S1534580718306993#app2,Table S3,p<0.05; foldchange <= -2,authors,GSE108263,,
yes,WBcel235,Chemicals/stress,Up by Rifampicin,715,https://www.sciencedirect.com/science/article/pii/S1534580718306993#app2,Table S3,p<0.05; foldchange >= 2,authors,GSE108263,,
yes,WBcel235,Chemicals/stress,Down by Rifampicin,1087,https://www.sciencedirect.com/science/article/pii/S1534580718306993#app2,Table S3,p<0.05; foldchange <= -2,authors,GSE108263,,
yes,WBcel235,Chemicals/stress,Up by Psora + Allantoin,506,https://www.sciencedirect.com/science/article/pii/S1534580718306993#app2,Table S3,p<0.05; foldchange >= 2,authors,GSE108263,,
yes,WBcel235,Chemicals/stress,Down by Psora + Allantoin,1897,https://www.sciencedirect.com/science/article/pii/S1534580718306993#app2,Table S3,p<0.05; foldchange <= -2,authors,GSE108263,,
yes,WBcel235,Chemicals/stress,Up by Rapamycin + Allantoin,862,https://www.sciencedirect.com/science/article/pii/S1534580718306993#app2,Table S3,p<0.05; foldchange >= 2,authors,GSE108263,,
yes,WBcel235,Chemicals/stress,Down by Rapamycin + Allantoin,1385,https://www.sciencedirect.com/science/article/pii/S1534580718306993#app2,Table S3,p<0.05; foldchange <= -2,authors,GSE108263,,
yes,WBcel235,Chemicals/stress,Up by Rifampicin + Allantoin,1230,https://www.sciencedirect.com/science/article/pii/S1534580718306993#app2,Table S3,p<0.05; foldchange >= 2,authors,GSE108263,,
yes,WBcel235,Chemicals/stress,Down by Rifampicin + Allantoin,2027,https://www.sciencedirect.com/science/article/pii/S1534580718306993#app2,Table S3,p<0.05; foldchange <= -2,authors,GSE108263,,
yes,WBcel235,Chemicals/stress,Up by Rifampicin + Psora,657,https://www.sciencedirect.com/science/article/pii/S1534580718306993#app2,Table S3,p<0.05; foldchange >= 2,authors,GSE108263,,
yes,WBcel235,Chemicals/stress,Down by Rifampicin + Psora,1104,https://www.sciencedirect.com/science/article/pii/S1534580718306993#app2,Table S3,p<0.05; foldchange <= -2,authors,GSE108263,,
yes,WBcel235,Chemicals/stress,Up by Rapamycin + Metformin,897,https://www.sciencedirect.com/science/article/pii/S1534580718306993#app2,Table S3,p<0.05; foldchange >= 2,authors,GSE108263,,
yes,WBcel235,Chemicals/stress,Down by Rapamycin + Metformin,2076,https://www.sciencedirect.com/science/article/pii/S1534580718306993#app2,Table S3,p<0.05; foldchange <= -2,authors,GSE108263,,
yes,WBcel235,Chemicals/stress,Up by Rapamycin + Psora,370,https://www.sciencedirect.com/science/article/pii/S1534580718306993#app2,Table S3,p<0.05; foldchange >= 2,authors,GSE108263,,
yes,WBcel235,Chemicals/stress,Down by Rapamycin + Psora,210,https://www.sciencedirect.com/science/article/pii/S1534580718306993#app2,Table S3,p<0.05; foldchange <= -2,authors,GSE108263,,
yes,WBcel235,Chemicals/stress,Up by Rapamycin + Rifampicin,571,https://www.sciencedirect.com/science/article/pii/S1534580718306993#app2,Table S3,p<0.05; foldchange >= 2,authors,GSE108263,,
yes,WBcel235,Chemicals/stress,Down by Rapamycin + Rifampicin,1677,https://www.sciencedirect.com/science/article/pii/S1534580718306993#app2,Table S3,p<0.05; foldchange <= -2,authors,GSE108263,,
yes,WBcel235,Chemicals/stress,Up by Rapamycin + Rifampicin + Psora,760,https://www.sciencedirect.com/science/article/pii/S1534580718306993#app2,Table S3,p<0.05; foldchange >= 2,authors,GSE108263,,
yes,WBcel235,Chemicals/stress,Down by Rapamycin + Rifampicin + Psora,1126,https://www.sciencedirect.com/science/article/pii/S1534580718306993#app2,Table S3,p<0.05; foldchange <= -2,authors,GSE108263,,
yes,WBcel235,Chemicals/stress,Up by Rifampicin + Psora + Allantoin,494,https://www.sciencedirect.com/science/article/pii/S1534580718306993#app2,Table S3,p<0.05; foldchange >= 2,authors,GSE108263,,
yes,WBcel235,Chemicals/stress,Down by Rifampicin + Psora + Allantoin,905,https://www.sciencedirect.com/science/article/pii/S1534580718306993#app2,Table S3,p<0.05; foldchange <= -2,authors,GSE108263,,
yes,n.a.,Mutants,Up in ccm1/kri1(ok1251),504,https://pubmed.ncbi.nlm.nih.gov/30728328/,Table S2,FDR<0.25; foldchange >= 2,authors,GSE123968,,
yes,n.a.,Mutants,Down in ccm1/kri1(ok1251),47,https://pubmed.ncbi.nlm.nih.gov/30728328/,Table S2,FDR<0.25; foldchange <= -2,authors,GSE123968,,
yes,n.a.,Mutants,Up in ccm3/pdcd10(tm2806),28,https://pubmed.ncbi.nlm.nih.gov/30728328/,Table S2,FDR<0.25; foldchange >= 2,authors,GSE123968,,
yes,n.a.,Mutants,Down in ccm3/pdcd10(tm2806),73,https://pubmed.ncbi.nlm.nih.gov/30728328/,Table S2,FDR<0.25; foldchange <= -2,authors,GSE123968,,
yes,n.a.,Mutants,Up in hpx-2 after exposure to OP50,8,https://pubmed.ncbi.nlm.nih.gov/30695063/,S1 Table,q<0.05; foldchange >= 2,JN,GSE124372,,
yes,n.a.,Mutants,Down in hpx-2 after exposure to OP50,10,https://pubmed.ncbi.nlm.nih.gov/30695063/,S1 Table,q<0.05; foldchange <= -2,JN,GSE124372,,
yes,n.a.,Mutants,Up in hpx-2 after exposure to OG1RF,6,https://pubmed.ncbi.nlm.nih.gov/30695063/,S2 Table,q<0.05; foldchange >= 2,JN,GSE124372,,
yes,n.a.,Mutants,Down in hpx-2 after exposure to OG1RF,9,https://pubmed.ncbi.nlm.nih.gov/30695063/,S2 Table,q<0.05; foldchange <= -2,JN,GSE124372,,
yes,n.a.,Mutants,Up in N2 after exposure to OG1RF,865,https://pubmed.ncbi.nlm.nih.gov/30695063/,S3 Table,q<0.05; foldchange >= 2,JN,GSE124372,,
yes,n.a.,Mutants,Down in N2 after exposure to OG1RF,117,https://pubmed.ncbi.nlm.nih.gov/30695063/,S3 Table,q<0.05; foldchange <= -2,JN,GSE124372,,
yes,n.a.,Microbes,Up in hpx-2 after exposure to OP50,8,https://pubmed.ncbi.nlm.nih.gov/30695063/,S1 Table,q<0.05; foldchange >= 2,JN,GSE124372,,
yes,n.a.,Microbes,Down in hpx-2 after exposure to OP50,10,https://pubmed.ncbi.nlm.nih.gov/30695063/,S1 Table,q<0.05; foldchange <= -2,JN,GSE124372,,
yes,n.a.,Microbes,Up in hpx-2 after exposure to OG1RF,6,https://pubmed.ncbi.nlm.nih.gov/30695063/,S2 Table,q<0.05; foldchange >= 2,JN,GSE124372,,
yes,n.a.,Microbes,Down in hpx-2 after exposure to OG1RF,9,https://pubmed.ncbi.nlm.nih.gov/30695063/,S2 Table,q<0.05; foldchange <= -2,JN,GSE124372,,
yes,n.a.,Microbes,Up in N2 after exposure to OG1RF,865,https://pubmed.ncbi.nlm.nih.gov/30695063/,S3 Table,q<0.05; foldchange >= 2,JN,GSE124372,,
yes,n.a.,Microbes,Down in N2 after exposure to OG1RF,117,https://pubmed.ncbi.nlm.nih.gov/30695063/,S3 Table,q<0.05; foldchange <= -2,JN,GSE124372,,
yes,n.a.,Chemicals/stress,Up by Pyoverdine,283,https://pubmed.ncbi.nlm.nih.gov/29532717/,S1 Table,no information given,authors,GSE95510,,
yes,WS235,Mutants,Up in pals-22,556,https://pubmed.ncbi.nlm.nih.gov/30640956/,S4 Table,padj < 0.05; foldchange >=2,JN,GSE118400,,
yes,WS235,Mutants,Down in pals-22,37,https://pubmed.ncbi.nlm.nih.gov/30640956/,S4 Table,padj < 0.05; foldchange >= -2,JN,GSE118400,,
yes,WS235,Chemicals/stress,Up by BTZ,317,https://pubmed.ncbi.nlm.nih.gov/30640956/,S4 Table,padj < 0.05; foldchange >=2,JN,GSE118400,,
yes,WS235,Chemicals/stress,Down by BTZ,110,https://pubmed.ncbi.nlm.nih.gov/30640956/,S4 Table,padj < 0.05; foldchange >= -2,JN,GSE118400,,
yes,WS235,Mutants,Up in pals-22;pals-25,117,https://pubmed.ncbi.nlm.nih.gov/30640956/,S4 Table,padj < 0.05; foldchange >=2,JN,GSE118400,,
yes,WS235,Mutants,Down in pals-22;pals-25,5,https://pubmed.ncbi.nlm.nih.gov/30640956/,S4 Table,padj < 0.05; foldchange >= -2,JN,GSE118400,,
yes,n.a.,Mutants,Up in isolated intestines of ifo-1(kc2),808,https://pubmed.ncbi.nlm.nih.gov/30630824/,Table S1,ANOVA p<0.05; foldchange >= 2,authors,GSE125131,,
yes,n.a.,Mutants,Down in isolated intestines of ifo-1(kc2),256,https://pubmed.ncbi.nlm.nih.gov/30630824/,Table S1,ANOVA p<0.05; foldchange <= -2,authors,GSE125131,,
yes,n.a.,Tissue,Up in isolated intestines of ifo-1(kc2),808,https://pubmed.ncbi.nlm.nih.gov/30630824/,Table S1,ANOVA p<0.05; foldchange >= 2,authors,GSE125131,,
yes,n.a.,Tissue,Down in isolated intestines of ifo-1(kc2),256,https://pubmed.ncbi.nlm.nih.gov/30630824/,Table S1,ANOVA p<0.05; foldchange <= -2,authors,GSE125131,,
yes,n.a.,Chemicals/stress,Up by Cry5B,1829,https://pubmed.ncbi.nlm.nih.gov/30630824/,Table S2,ANOVA p<0.05; foldchange >= 2,authors,GSE125131,,
yes,n.a.,Chemicals/stress,Down by Cry5B,943,https://pubmed.ncbi.nlm.nih.gov/30630824/,Table S2,ANOVA p<0.05; foldchange <= -2,authors,GSE125131,,
yes,WBcel235,Mutants,Up in zip-3(gk3164) raised on P.aeruginosa,530,https://pubmed.ncbi.nlm.nih.gov/30850535/,Table S1,no information given; folchange >= 2,authors/JN,GSE111325,,
yes,WBcel235,Microbes,Up in zip-3(gk3164) raised on P.aeruginosa,530,https://pubmed.ncbi.nlm.nih.gov/30850535/,Table S1,no information given; folchange >= 2,authors/JN,GSE111325,,
yes,WS258 ,Mutants,Up in pmk-1 ,409,https://pubmed.ncbi.nlm.nih.gov/30789901/,S1 Table,no information given,authors,GSE119292,,
yes,WS258 ,Mutants,Down in pmk-1,330,https://pubmed.ncbi.nlm.nih.gov/30789901/,S1 Table,no information given,authors,GSE119292,,
yes,WS258 ,Mutants,Up in atf-7,418,https://pubmed.ncbi.nlm.nih.gov/30789901/,S1 Table,no information given,authors,GSE119292,,
yes,WS258 ,Mutants,Down in atf-7,402,https://pubmed.ncbi.nlm.nih.gov/30789901/,S1 Table,no information given,authors,GSE119292,,
yes,WBcel235,Mutants,Up specific ints-1,350,https://pubmed.ncbi.nlm.nih.gov/30807579/,S4 Table,no information given,authors,GSE111083,,
yes,WBcel235,Mutants,Down specific ints-1,385,https://pubmed.ncbi.nlm.nih.gov/30807579/,S4 Table,no information given,authors,GSE111083,,
yes,WBcel235,Mutants,Up specific ints-2,153,https://pubmed.ncbi.nlm.nih.gov/30807579/,S4 Table,no information given,authors,GSE111083,,
yes,WBcel235,Mutants,Down specific ints-2,139,https://pubmed.ncbi.nlm.nih.gov/30807579/,S4 Table,no information given,authors,GSE111083,,
yes,WBcel235,Mutants,Up specific ints-4,99,https://pubmed.ncbi.nlm.nih.gov/30807579/,S4 Table,no information given,authors,GSE111083,,
yes,WBcel235,Mutants,Down specific ints-4,109,https://pubmed.ncbi.nlm.nih.gov/30807579/,S4 Table,no information given,authors,GSE111083,,
yes,WBcel235,Mutants,Up specific ints-5,739,https://pubmed.ncbi.nlm.nih.gov/30807579/,S4 Table,no information given,authors,GSE111083,,
yes,WBcel235,Mutants,Down specific ints-5,557,https://pubmed.ncbi.nlm.nih.gov/30807579/,S4 Table,no information given,authors,GSE111083,,
yes,WBcel235,Mutants,Up specific ints-6,254,https://pubmed.ncbi.nlm.nih.gov/30807579/,S4 Table,no information given,authors,GSE111083,,
yes,WBcel235,Mutants,Down specific ints-6,136,https://pubmed.ncbi.nlm.nih.gov/30807579/,S4 Table,no information given,authors,GSE111083,,
yes,WBcel235,Mutants,Up specific ints-7,27,https://pubmed.ncbi.nlm.nih.gov/30807579/,S4 Table,no information given,authors,GSE111083,,
yes,WBcel235,Mutants,Down specific ints-7,7,https://pubmed.ncbi.nlm.nih.gov/30807579/,S4 Table,no information given,authors,GSE111083,,
yes,WBcel235,Mutants,Up specific ints-8,35,https://pubmed.ncbi.nlm.nih.gov/30807579/,S4 Table,no information given,authors,GSE111083,,
yes,WBcel235,Mutants,Down specific ints-8,20,https://pubmed.ncbi.nlm.nih.gov/30807579/,S4 Table,no information given,authors,GSE111083,,
yes,WBcel235,Mutants,Up specific ints-9,115,https://pubmed.ncbi.nlm.nih.gov/30807579/,S4 Table,no information given,authors,GSE111083,,
yes,WBcel235,Mutants,Down specific ints-9,74,https://pubmed.ncbi.nlm.nih.gov/30807579/,S4 Table,no information given,authors,GSE111083,,
yes,WBcel235,Mutants,Up specific ints-11,113,https://pubmed.ncbi.nlm.nih.gov/30807579/,S4 Table,no information given,authors,GSE111083,,
yes,WBcel235,Mutants,Down specific ints-11,487,https://pubmed.ncbi.nlm.nih.gov/30807579/,S4 Table,no information given,authors,GSE111083,,
yes,WS220,DAF/Insulin/food,Up under dietary restrictions,256,https://pubmed.ncbi.nlm.nih.gov/31253655/,Table S1,FDR < 0.05; foldchange >= 2,authors,GSE119485,,
yes,WS220,DAF/Insulin/food,Down under dietary restrictions,782,https://pubmed.ncbi.nlm.nih.gov/31253655/,Table S1,FDR < 0.05; foldchange <= -2,authors,GSE119485,,
yes,n.a.,Mutants,Up in age-1(hx546);gas-1(fc21) vs gas-1(fc21),4,https://pubmed.ncbi.nlm.nih.gov/30796049/,Dataset EV2,q<0.05; foldchange >= 2,JN,GSE122902,,
yes,n.a.,Mutants,Down in age-1(hx546);gas-1(fc21) vs gas-1(fc21),2,https://pubmed.ncbi.nlm.nih.gov/30796049/,Dataset EV2,q < 0.05; foldchange <= -2,JN,GSE122902,,
yes,WBcel235,Chemicals/stress,Up under glycine,50,https://pubmed.ncbi.nlm.nih.gov/30845140/,S3 Table,padj < 0.05; foldchange >= 2,JN,GSE117581,,
yes,WBcel235,Chemicals/stress,Down under glycine ,649,https://pubmed.ncbi.nlm.nih.gov/30845140/,S3 Table,padj < 0.05; foldchange <= -2,JN,GSE117581,,
yes,WBcel235,Chemicals/stress,Up under serine,32,https://pubmed.ncbi.nlm.nih.gov/30845140/,S3 Table,padj < 0.05; foldchange >= 2,JN,GSE117581,,
yes,WBcel235,Chemicals/stress,Down under serine ,716,https://pubmed.ncbi.nlm.nih.gov/30845140/,S3 Table,padj < 0.05; foldchange <= -2,JN,GSE117581,,
yes,n.a.,Mutants,Up in glp-4(bn2) worms fed on HT115,35,https://pubmed.ncbi.nlm.nih.gov/30865620/,S1 Table,wilcoxon rank test > 1.5; foldchange >= 2,authors,GSE97678,,
yes,n.a.,DAF/Insulin/food,Up in glp-4(bn2) worms fed on HT115,35,https://pubmed.ncbi.nlm.nih.gov/30865620/,S1 Table,wilcoxon rank test > 1.5; foldchange >= 2,authors,GSE97678,,
